Foot Left X, Y, Z, Ankle Left X, Y, Z, Knee Left X, Y, Z, Hip Left X, Y, Z, Foot Right X, Y, Z, Ankle Right X, Y, Z, Knee Right X, Y, Z, Hip Right X, Y, Z, Hip Center X, Y, Z 
-0.220703,-0.299072,4.3125,-0.21519,-0.203501,4.40173,-0.211328,0.129042,4.38199,-0.212237,0.433221,4.46214,-0.254395,-0.30835,4.30469,-0.204858,-0.252966,4.38999,-0.079914,0.140343,4.53438,-0.0715014,0.433678,4.46222,-0.0715014,0.433678,4.46222,
-0.142992,0.43688,4.49749,-0.222581,-0.28401,4.21861,-0.215594,-0.195413,4.32764,-0.209096,0.136845,4.36555,-0.21596,0.424413,4.44333,-0.187488,-0.290921,4.19474,-0.190931,-0.24068,4.31692,-0.0800797,0.138165,4.53268,-0.0800797,0.138165,4.53268,
-0.0751449,0.426195,4.4438,-0.146713,0.428705,4.47902,-0.222191,-0.275988,4.16925,-0.225047,-0.196494,4.28281,-0.210761,0.135427,4.35536,-0.219732,0.414767,4.42579,-0.218088,-0.274645,4.14319,-0.221226,-0.221809,4.26857,-0.221226,-0.221809,4.26857,
-0.0857855,0.132492,4.52426,-0.078951,0.415209,4.42543,-0.150542,0.41833,4.46115,-0.22061,-0.27915,4.11087,-0.22443,-0.203276,4.24181,-0.216749,0.125526,4.32783,-0.231592,0.411761,4.40317,-0.225023,-0.296488,4.09663,-0.225023,-0.296488,4.09663,
-0.215352,-0.238113,4.23859,-0.0866018,0.112142,4.50593,-0.0917945,0.411256,4.39815,-0.162997,0.414843,4.43619,-0.221541,-0.294649,4.09808,-0.226077,-0.222519,4.23336,-0.220873,0.105631,4.30241,-0.233863,0.407528,4.37345,-0.233863,0.407528,4.37345,
-0.213172,-0.279567,4.09676,-0.217611,-0.225614,4.22456,-0.0882748,0.10858,4.5026,-0.0932695,0.409587,4.37601,-0.164876,0.411953,4.41033,-0.222086,-0.296912,4.09636,-0.23132,-0.221085,4.22861,-0.223475,0.107373,4.2845,-0.223475,0.107373,4.2845,
-0.238276,0.405317,4.35672,-0.22084,-0.300616,4.08428,-0.221918,-0.246386,4.21183,-0.0931542,0.0881388,4.47635,-0.098543,0.406747,4.3513,-0.169795,0.409357,4.38954,-0.223994,-0.306936,4.09072,-0.232326,-0.232762,4.20719,-0.232326,-0.232762,4.20719,
-0.224454,0.0946887,4.26181,-0.244911,0.399191,4.31174,-0.218942,-0.320638,4.06726,-0.221916,-0.267957,4.19287,-0.100835,0.0882172,4.44339,-0.10421,0.400367,4.30933,-0.176004,0.403023,4.34564,-0.223898,-0.335792,4.07406,-0.223898,-0.335792,4.07406,
-0.23724,-0.280088,4.18592,-0.235964,0.0475754,4.22168,-0.246502,0.390871,4.29042,-0.222182,-0.323539,4.06372,-0.22382,-0.27163,4.18782,-0.103629,0.0704835,4.4288,-0.105751,0.395787,4.29595,-0.17759,0.396707,4.32864,-0.17759,0.396707,4.32864,
-0.221946,-0.337637,4.08876,-0.238224,-0.277043,4.18539,-0.239037,0.0501826,4.21573,-0.249419,0.399038,4.25172,-0.224094,-0.328421,4.0501,-0.225755,-0.276639,4.17502,-0.110481,0.121585,4.34276,-0.10999,0.399783,4.24781,-0.10999,0.399783,4.24781,
-0.18118,0.402865,4.28493,-0.226858,-0.339852,4.08775,-0.248378,-0.255964,4.1863,-0.246729,0.0693599,4.20037,-0.246216,0.398137,4.23522,-0.226614,-0.334863,4.0471,-0.227521,-0.282856,4.17238,-0.116355,0.118745,4.30527,-0.116355,0.118745,4.30527,
-0.108273,0.395743,4.23378,-0.178747,0.400257,4.26974,-0.228526,-0.33781,4.08923,-0.250067,-0.257852,4.1854,-0.241746,0.0645475,4.19806,-0.252525,0.394887,4.19461,-0.223802,-0.334862,4.04532,-0.227188,-0.282717,4.17067,-0.227188,-0.282717,4.17067,
-0.123711,0.116492,4.249,-0.114142,0.392697,4.20404,-0.184905,0.397073,4.23461,-0.22805,-0.322384,4.10591,-0.24547,-0.247821,4.18296,-0.236635,0.0716172,4.18812,-0.255472,0.395199,4.17885,-0.21747,-0.313036,4.05455,-0.21747,-0.313036,4.05455,
-0.222709,-0.261665,4.17888,-0.126752,0.110584,4.19825,-0.118914,0.394493,4.1762,-0.188743,0.398082,4.21307,-0.227161,-0.326117,4.10403,-0.245114,-0.254796,4.18294,-0.231397,0.0594851,4.17535,-0.255304,0.392,4.15044,-0.255304,0.392,4.15044,
-0.232841,-0.345198,4.10272,-0.228407,-0.268335,4.17362,-0.124289,0.0449575,4.18657,-0.11798,0.39157,4.16182,-0.188126,0.394977,4.19182,-0.229745,-0.32862,4.10589,-0.243713,-0.257738,4.18383,-0.231811,0.0497134,4.14829,-0.231811,0.0497134,4.14829,
-0.258787,0.391522,4.1237,-0.22894,-0.348974,4.11372,-0.226966,-0.269408,4.17389,-0.121036,0.0410758,4.1319,-0.12199,0.392481,4.1296,-0.192037,0.395288,4.16163,-0.234697,-0.331846,4.09252,-0.245724,-0.256549,4.17908,-0.245724,-0.256549,4.17908,
-0.237072,0.0483885,4.14146,-0.262667,0.383506,4.09417,-0.229666,-0.355723,4.1106,-0.226323,-0.277516,4.17279,-0.120065,0.0685822,4.08506,-0.1253,0.390023,4.10769,-0.195624,0.390307,4.13645,-0.225211,-0.330926,4.11388,-0.225211,-0.330926,4.11388,
-0.24529,-0.256042,4.17848,-0.240124,0.0456883,4.1345,-0.263763,0.384217,4.08537,-0.229035,-0.355055,4.10765,-0.225423,-0.277916,4.17081,-0.120713,0.0602506,4.05914,-0.126613,0.389463,4.09554,-0.196868,0.390344,4.1258,-0.196868,0.390344,4.1258,
-0.226727,-0.305802,4.04581,-0.233904,-0.257589,4.16446,-0.248899,0.0429933,4.12232,-0.267469,0.384006,4.05973,-0.10321,-0.322266,4.14063,-0.11157,-0.249479,4.21419,-0.123554,0.0573349,4.02296,-0.129647,0.385317,4.06592,-0.129647,0.385317,4.06592,
-0.200302,0.388111,4.09812,-0.22081,-0.314473,4.03944,-0.229769,-0.265996,4.15841,-0.254783,0.0380145,4.11386,-0.268999,0.384995,4.03658,-0.120776,-0.346207,4.07967,-0.117868,-0.265157,4.12434,-0.132327,0.0532396,4.00548,-0.132327,0.0532396,4.00548,
-0.130672,0.386109,4.04648,-0.201578,0.388952,4.07682,-0.224105,-0.348849,4.0821,-0.224147,-0.276476,4.15298,-0.258924,0.0271414,4.10355,-0.269433,0.384885,4.02048,-0.11676,-0.360107,3.9668,-0.110256,-0.277764,4.03841,-0.110256,-0.277764,4.03841,
-0.140147,0.0393545,3.98147,-0.130905,0.382472,4.03086,-0.20192,0.387063,4.06103,-0.227885,-0.348278,4.08536,-0.228016,-0.266412,4.15002,-0.264555,0.0252276,4.09866,-0.270562,0.378301,3.99802,-0.107371,-0.325606,3.8351,-0.107371,-0.325606,3.8351,
-0.115572,-0.278062,3.95247,-0.144096,0.0473697,3.95288,-0.131943,0.379707,4.00767,-0.203024,0.382355,4.03817,-0.229872,-0.350607,4.08468,-0.232802,-0.277821,4.15305,-0.268268,0.0172275,4.08849,-0.267331,0.368499,3.97904,-0.267331,0.368499,3.97904,
-0.109923,-0.370007,3.78913,-0.110171,-0.278845,3.88412,-0.129213,0.038696,3.89961,-0.129481,0.374287,3.99042,-0.20018,0.374782,4.02009,-0.237976,-0.349847,4.08289,-0.231492,-0.278176,4.15104,-0.269451,0.0167996,4.08238,-0.269451,0.0167996,4.08238,
-0.265761,0.363423,3.95981,-0.116272,-0.348877,3.73047,-0.109571,-0.275191,3.82164,-0.126637,0.0432915,3.88585,-0.127884,0.367975,3.96823,-0.198575,0.368992,3.99933,-0.234379,-0.347788,4.08074,-0.232069,-0.276525,4.15042,-0.232069,-0.276525,4.15042,
-0.270799,0.0130681,4.07014,-0.262802,0.355649,3.93931,-0.119019,-0.352783,3.66797,-0.112658,-0.274982,3.77386,-0.124768,0.0234459,3.85878,-0.123496,0.363341,3.94641,-0.194895,0.362736,3.97825,-0.240515,-0.35204,4.08265,-0.240515,-0.35204,4.08265,
-0.236177,-0.279526,4.14826,-0.271602,0.010905,4.05064,-0.270188,0.348525,3.90495,-0.122078,-0.346207,3.63673,-0.115823,-0.265939,3.74337,-0.126689,0.0232907,3.83646,-0.131399,0.356915,3.91815,-0.202645,0.355905,3.94694,-0.202645,0.355905,3.94694,
-0.244164,-0.356061,4.09671,-0.2378,-0.280033,4.14985,-0.270854,0.0082532,4.04563,-0.264943,0.338901,3.88762,-0.122427,-0.346422,3.6354,-0.116571,-0.266132,3.7414,-0.128941,0.0358481,3.82253,-0.125076,0.35176,3.89535,-0.125076,0.35176,3.89535,
-0.196849,0.348414,3.92708,-0.24342,-0.357596,4.09509,-0.239574,-0.281641,4.14724,-0.268917,0.00765525,4.01267,-0.269486,0.33262,3.85471,-0.129644,-0.363444,3.62818,-0.121651,-0.282042,3.72391,-0.127915,0.0129289,3.77899,-0.127915,0.0129289,3.77899,
-0.130975,0.338317,3.85843,-0.202068,0.338648,3.89194,-0.242996,-0.357513,4.07348,-0.240096,-0.286562,4.14136,-0.264515,0.00846275,3.9822,-0.264679,0.325554,3.82368,-0.134862,-0.371489,3.61043,-0.123654,-0.290442,3.71396,-0.123654,-0.290442,3.71396,
-0.127462,0.011681,3.77242,-0.127336,0.337896,3.83868,-0.197848,0.335179,3.867,-0.243855,-0.361793,4.07367,-0.240232,-0.287606,4.13259,-0.26148,0.0044898,3.96144,-0.265779,0.329542,3.79819,-0.137637,-0.383628,3.60997,-0.137637,-0.383628,3.60997,
-0.121722,-0.29857,3.70678,-0.125532,0.0121896,3.75972,-0.126773,0.335792,3.81249,-0.198114,0.335888,3.84073,-0.252648,-0.359244,4.08811,-0.238164,-0.284404,4.10706,-0.258427,0.0122682,3.9016,-0.263625,0.327442,3.76088,-0.263625,0.327442,3.76088,
-0.138191,-0.387195,3.6064,-0.120431,-0.298627,3.69717,-0.120155,0.00811522,3.73843,-0.125341,0.330541,3.76918,-0.196296,0.332154,3.80049,-0.259588,-0.364204,4.05557,-0.243277,-0.287925,4.10137,-0.238704,-0.0015975,3.84695,-0.238704,-0.0015975,3.84695,
-0.25344,0.328934,3.72606,-0.137526,-0.391708,3.60339,-0.117731,-0.300346,3.68863,-0.121374,0.0084363,3.72254,-0.118056,0.335679,3.74385,-0.187577,0.335626,3.77061,-0.247831,-0.370402,4.02545,-0.245354,-0.294185,4.0753,-0.245354,-0.294185,4.0753,
-0.240582,-0.0122905,3.81762,-0.252538,0.328579,3.70278,-0.136029,-0.385266,3.60631,-0.117957,-0.298972,3.68648,-0.122906,0.00826094,3.71095,-0.115755,0.330619,3.71297,-0.185959,0.332941,3.74336,-0.250618,-0.357934,4.00483,-0.250618,-0.357934,4.00483,
-0.247792,-0.267503,4.02831,-0.247431,-0.0025008,3.74928,-0.243785,0.329137,3.66584,-0.110811,-0.344945,3.56642,-0.117182,-0.299735,3.68175,-0.124664,0.00563314,3.68781,-0.105991,0.335348,3.67646,-0.176579,0.335472,3.70656,-0.176579,0.335472,3.70656,
-0.244507,-0.351807,3.94922,-0.251824,-0.259198,3.97147,-0.249955,0.000673137,3.68677,-0.241002,0.328833,3.63613,-0.11121,-0.347169,3.55956,-0.118511,-0.30213,3.67461,-0.128609,0.00295847,3.67322,-0.104195,0.333377,3.65067,-0.104195,0.333377,3.65067,
-0.174292,0.334298,3.67886,-0.249965,-0.351508,3.93127,-0.251835,-0.264603,3.93674,-0.250948,0.0012652,3.65623,-0.235346,0.327231,3.61594,-0.138621,-0.391671,3.61108,-0.118661,-0.308387,3.67195,-0.131242,-0.00247771,3.66096,-0.131242,-0.00247771,3.66096,
-0.0977682,0.329113,3.62372,-0.168184,0.331455,3.65536,-0.253662,-0.348633,3.85547,-0.256934,-0.265182,3.8675,-0.244104,0.0056806,3.59107,-0.233797,0.32626,3.58093,-0.139752,-0.388872,3.61163,-0.119684,-0.307921,3.66956,-0.119684,-0.307921,3.66956,
-0.128391,-0.0129691,3.63976,-0.0965242,0.327468,3.59125,-0.166788,0.330094,3.62143,-0.256855,-0.362787,3.75774,-0.255245,-0.288012,3.80797,-0.242297,0.00253211,3.55723,-0.228959,0.328974,3.55739,-0.161868,-0.363335,3.64881,-0.161868,-0.363335,3.64881,
-0.120089,-0.302422,3.66486,-0.128807,-0.0129724,3.62708,-0.0917102,0.3297,3.5668,-0.161936,0.332608,3.59753,-0.24292,-0.381836,3.66406,-0.251232,-0.307294,3.72006,-0.231172,-0.00552257,3.52791,-0.225498,0.328526,3.52971,-0.225498,0.328526,3.52971,
-0.167131,-0.372284,3.63577,-0.12188,-0.303159,3.66271,-0.115116,-0.0113993,3.61151,-0.0889709,0.3274,3.53661,-0.158802,0.331268,3.56858,-0.23999,-0.393066,3.58398,-0.232304,-0.321651,3.64193,-0.225108,-0.0151902,3.49363,-0.225108,-0.0151902,3.49363,
-0.221607,0.326541,3.50421,-0.164038,-0.386884,3.60372,-0.131654,-0.318432,3.65591,-0.112389,-0.0128996,3.60113,-0.0855111,0.32461,3.51399,-0.155108,0.328852,3.54453,-0.235562,-0.368807,3.44413,-0.241476,-0.325174,3.55793,-0.241476,-0.325174,3.55793,
-0.218895,-0.0148884,3.47298,-0.225864,0.325317,3.49925,-0.161323,-0.387722,3.60414,-0.133545,-0.319662,3.65718,-0.111142,-0.014768,3.5968,-0.0898103,0.321746,3.50702,-0.15943,0.326853,3.53862,-0.244385,-0.411621,3.40234,-0.244385,-0.411621,3.40234,
-0.239809,-0.331664,3.47002,-0.21578,-0.011429,3.4405,-0.231094,0.323442,3.4772,-0.155649,-0.392881,3.60466,-0.136445,-0.321696,3.6536,-0.109448,-0.017553,3.58174,-0.0944187,0.316728,3.48079,-0.16444,0.323418,3.51445,-0.16444,0.323418,3.51445,
-0.2412,-0.421696,3.29908,-0.236159,-0.341599,3.39774,-0.215616,-0.00660599,3.40992,-0.232134,0.316315,3.46159,-0.154556,-0.400651,3.60152,-0.140567,-0.328389,3.64954,-0.108991,-0.021039,3.56994,-0.0946358,0.30982,3.46855,-0.0946358,0.30982,3.46855,
-0.165048,0.316276,3.50053,-0.227051,-0.401148,3.22571,-0.229426,-0.32465,3.32939,-0.218656,-0.000598521,3.38093,-0.244473,0.307645,3.41884,-0.150481,-0.402133,3.59759,-0.140841,-0.329578,3.64806,-0.107024,-0.0304026,3.5505,-0.107024,-0.0304026,3.5505,
-0.105396,0.299852,3.42727,-0.176748,0.306878,3.45844,-0.225285,-0.396267,3.16026,-0.226134,-0.33038,3.27469,-0.225444,-0.0087327,3.35589,-0.244029,0.304805,3.40968,-0.150232,-0.402688,3.59719,-0.140908,-0.329861,3.64727,-0.140908,-0.329861,3.64727,
-0.105198,-0.0339749,3.54643,-0.105031,0.297756,3.42135,-0.176341,0.304413,3.45101,-0.222943,-0.398793,3.14411,-0.228013,-0.328848,3.25501,-0.226004,-0.0104879,3.34715,-0.2362,0.29589,3.3897,-0.149964,-0.402452,3.59384,-0.149964,-0.402452,3.59384,
-0.14129,-0.329384,3.64378,-0.105479,-0.0390784,3.53749,-0.0961894,0.284906,3.39876,-0.167927,0.293483,3.42967,-0.217755,-0.405134,3.1219,-0.225206,-0.33686,3.23414,-0.231889,-0.0174257,3.29028,-0.243924,0.293493,3.35346,-0.243924,0.293493,3.35346,
-0.1383,-0.373801,3.52541,-0.141811,-0.329437,3.63895,-0.106127,-0.0421952,3.50824,-0.102181,0.279388,3.36717,-0.174849,0.289417,3.39581,-0.217823,-0.418503,3.11342,-0.225197,-0.34729,3.22314,-0.232091,-0.0226294,3.27832,-0.232091,-0.0226294,3.27832,
-0.243674,0.28241,3.33101,-0.145636,-0.402303,3.58747,-0.148726,-0.326916,3.62549,-0.11049,-0.0387988,3.48415,-0.102056,0.272543,3.34234,-0.174692,0.28042,3.3722,-0.214718,-0.423992,3.1097,-0.223405,-0.350286,3.21671,-0.223405,-0.350286,3.21671,
-0.23366,-0.0277339,3.25339,-0.253486,0.27469,3.3017,-0.144755,-0.408403,3.58721,-0.153141,-0.333348,3.6188,-0.112935,-0.0452066,3.4675,-0.111756,0.266697,3.31066,-0.184594,0.273568,3.34159,-0.214521,-0.43469,3.10339,-0.214521,-0.43469,3.10339,
-0.222409,-0.355677,3.20408,-0.234504,-0.031808,3.2355,-0.247021,0.269976,3.26952,-0.141578,-0.436838,3.58046,-0.150896,-0.362768,3.62459,-0.116578,-0.0544216,3.44193,-0.106442,0.265393,3.28218,-0.178668,0.270634,3.31135,-0.178668,0.270634,3.31135,
-0.216273,-0.441493,3.10642,-0.222481,-0.355924,3.19808,-0.243271,-0.0254461,3.20897,-0.25102,0.271082,3.23805,-0.136654,-0.436399,3.58235,-0.15149,-0.362511,3.61861,-0.117878,-0.0541126,3.39192,-0.109977,0.266769,3.24217,-0.109977,0.266769,3.24217,
-0.182509,0.271872,3.27562,-0.216304,-0.440931,3.10768,-0.227192,-0.351103,3.19148,-0.24093,-0.0268422,3.2042,-0.249491,0.269807,3.19675,-0.142007,-0.403494,3.56544,-0.147837,-0.333039,3.57329,-0.147821,-0.0648111,3.3001,-0.147821,-0.0648111,3.3001,
-0.109116,0.264963,3.21931,-0.18131,0.270261,3.24408,-0.215991,-0.413294,3.06054,-0.224716,-0.370142,3.17405,-0.234475,-0.0338639,3.18521,-0.250437,0.265089,3.16267,-0.136034,-0.355799,3.42299,-0.143729,-0.311682,3.53666,-0.143729,-0.311682,3.53666,
-0.141295,-0.0668705,3.24346,-0.109491,0.260276,3.16769,-0.182036,0.265416,3.19967,-0.213873,-0.403387,3.05983,-0.227157,-0.359876,3.17271,-0.236271,-0.0325283,3.15981,-0.254219,0.263745,3.14259,-0.109169,-0.351353,3.36708,-0.109169,-0.351353,3.36708,
-0.121193,-0.306988,3.48012,-0.123738,-0.0525794,3.19465,-0.112687,0.261688,3.1556,-0.185428,0.265743,3.18493,-0.216797,-0.395793,3.05798,-0.227886,-0.35256,3.17136,-0.234922,-0.0354426,3.13952,-0.255215,0.262396,3.11103,-0.255215,0.262396,3.11103,
-0.107565,-0.337366,3.31658,-0.117363,-0.293262,3.43012,-0.117575,-0.0444469,3.13997,-0.11399,0.263907,3.12532,-0.186691,0.266177,3.1534,-0.216098,-0.399315,3.05706,-0.229143,-0.356121,3.1702,-0.235918,-0.0388613,3.11766,-0.235918,-0.0388613,3.11766,
-0.256649,0.26011,3.07854,-0.103204,-0.363802,3.26777,-0.114936,-0.320012,3.38103,-0.112725,-0.0552646,3.10454,-0.115516,0.263002,3.10387,-0.188222,0.264625,3.12699,-0.211191,-0.405726,3.0557,-0.227821,-0.362758,3.16835,-0.227821,-0.362758,3.16835,
-0.245483,-0.050836,3.10604,-0.260353,0.25905,3.05687,-0.101685,-0.393066,3.33008,-0.104797,-0.320337,3.3337,-0.112667,-0.0581306,3.05403,-0.12102,0.262861,3.07062,-0.19289,0.263927,3.09929,-0.182495,-0.435547,3.16211,-0.182495,-0.435547,3.16211,
-0.227002,-0.370282,3.16714,-0.24673,-0.058761,3.09916,-0.262517,0.25856,3.03829,-0.081604,-0.413574,3.25586,-0.105978,-0.341253,3.26497,-0.112748,-0.0641356,3.03808,-0.121555,0.26244,3.05811,-0.1942,0.263502,3.08375,-0.1942,0.263502,3.08375,
-0.192627,-0.470459,3.10742,-0.226979,-0.38126,3.16532,-0.249453,-0.0676226,3.08719,-0.26244,0.254162,3.00439,-0.111084,-0.446533,3.125,-0.107861,-0.370481,3.17118,-0.116613,-0.0742082,2.9837,-0.119998,0.258789,3.02271,-0.119998,0.258789,3.02271,
-0.193457,0.259468,3.04887,-0.188103,-0.466478,3.09681,-0.219527,-0.386192,3.15774,-0.251696,-0.0760296,3.07709,-0.261897,0.251338,2.98057,-0.103882,-0.462646,3.03516,-0.0988221,-0.383684,3.07935,-0.114935,-0.0822289,2.94257,-0.114935,-0.0822289,2.94257,
-0.118992,0.256424,3.00046,-0.192692,0.25689,3.02596,-0.203735,-0.461599,3.101,-0.216396,-0.390568,3.15412,-0.25331,-0.0790355,3.06903,-0.262999,0.250471,2.96285,-0.0931743,-0.44362,2.88075,-0.106077,-0.401091,2.99337,-0.106077,-0.401091,2.99337,
-0.111265,-0.0956352,2.9097,-0.119449,0.254849,2.98085,-0.193506,0.255678,3.00727,-0.20641,-0.466848,3.10155,-0.216342,-0.394964,3.15142,-0.254716,-0.100712,3.05705,-0.26237,0.246367,2.93259,-0.0960693,-0.491211,2.81641,-0.0960693,-0.491211,2.81641,
-0.103333,-0.41358,2.90544,-0.11061,-0.0876298,2.8808,-0.119277,0.252034,2.94722,-0.193114,0.252185,2.97534,-0.205286,-0.464234,3.09771,-0.213755,-0.391903,3.14561,-0.254822,-0.106596,3.04929,-0.260451,0.241995,2.91312,-0.260451,0.241995,2.91312,
-0.10022,-0.484619,2.72949,-0.104663,-0.417169,2.82924,-0.112964,-0.0880497,2.86035,-0.117148,0.24971,2.93388,-0.191052,0.248891,2.95906,-0.206894,-0.474823,3.09014,-0.218128,-0.402852,3.13763,-0.261349,-0.0459035,2.99138,-0.261349,-0.0459035,2.99138,
-0.256205,0.235828,2.89372,-0.104504,-0.462745,2.66972,-0.102712,-0.389095,2.77459,-0.110944,-0.0828846,2.84274,-0.113248,0.245342,2.90914,-0.186939,0.243469,2.93692,-0.203674,-0.419234,3.00657,-0.215841,-0.376276,3.1191,-0.215841,-0.376276,3.1191,
-0.247798,-0.112516,3.01571,-0.250623,0.227989,2.8658,-0.108234,-0.478558,2.60261,-0.107866,-0.418606,2.71983,-0.108465,-0.0933976,2.82138,-0.108521,0.238535,2.88821,-0.181767,0.236112,2.91255,-0.20497,-0.500931,3.05583,-0.20497,-0.500931,3.05583,
-0.218251,-0.444989,3.13747,-0.250942,-0.114814,3.00056,-0.248719,0.220979,2.8429,-0.111006,-0.477394,2.59633,-0.109046,-0.415384,2.71158,-0.107563,-0.0955657,2.79404,-0.10772,0.230652,2.86417,-0.180412,0.228597,2.88894,-0.180412,0.228597,2.88894,
-0.209846,-0.481604,3.05566,-0.223535,-0.392157,3.10794,-0.255982,-0.0522134,2.92693,-0.250456,0.213545,2.81802,-0.112703,-0.48791,2.58641,-0.110575,-0.424302,2.70027,-0.104949,-0.120752,2.75748,-0.109566,0.221331,2.83398,-0.109566,0.221331,2.83398,
-0.18226,0.220192,2.86151,-0.210792,-0.480973,3.05906,-0.222939,-0.388539,3.10228,-0.257013,-0.0530876,2.91397,-0.250263,0.209264,2.79618,-0.114665,-0.505075,2.57181,-0.114268,-0.44222,2.68207,-0.105962,-0.122591,2.75074,-0.105962,-0.122591,2.75074,
-0.108557,0.215641,2.81101,-0.181679,0.215146,2.83901,-0.210619,-0.497177,3.04703,-0.216899,-0.431058,3.11282,-0.246733,-0.122381,2.92906,-0.247927,0.203754,2.7575,-0.118655,-0.518142,2.56805,-0.113113,-0.448948,2.67555,-0.113113,-0.448948,2.67555,
-0.104102,-0.132019,2.72515,-0.10742,0.210949,2.78087,-0.179975,0.210015,2.80477,-0.211252,-0.421573,2.94156,-0.220007,-0.378998,3.05395,-0.253626,-0.0617315,2.83903,-0.244734,0.203824,2.74125,-0.121299,-0.522795,2.56919,-0.121299,-0.522795,2.56919,
-0.112202,-0.450642,2.67285,-0.103554,-0.129222,2.71266,-0.103014,0.20974,2.75151,-0.176118,0.209535,2.78225,-0.214847,-0.512676,3.03503,-0.217489,-0.441813,3.08581,-0.238019,-0.136537,2.84917,-0.244111,0.204996,2.70288,-0.244111,0.204996,2.70288,
-0.121706,-0.526719,2.57095,-0.110085,-0.452265,2.66743,-0.106908,-0.125312,2.7003,-0.101867,0.210676,2.72466,-0.175204,0.210575,2.74919,-0.226169,-0.497009,3.01542,-0.221023,-0.424633,3.0481,-0.236196,-0.141618,2.79017,-0.236196,-0.141618,2.79017,
-0.24153,0.204393,2.67226,-0.118656,-0.518239,2.58068,-0.108707,-0.452943,2.66078,-0.108537,-0.11945,2.6824,-0.0984024,0.210122,2.68385,-0.172223,0.209999,2.71368,-0.216356,-0.442155,2.88484,-0.225113,-0.400343,2.99746,-0.225113,-0.400343,2.99746,
-0.234182,-0.133233,2.72376,-0.237779,0.205061,2.64317,-0.119941,-0.523656,2.57915,-0.109171,-0.454025,2.65707,-0.108853,-0.12903,2.66767,-0.0966892,0.207925,2.66071,-0.16951,0.209163,2.68742,-0.221766,-0.41085,2.80263,-0.221766,-0.41085,2.80263,
-0.227609,-0.368789,2.91544,-0.230457,-0.101314,2.64175,-0.235398,0.205701,2.61638,-0.121968,-0.524324,2.5813,-0.109113,-0.453281,2.6551,-0.11104,-0.131026,2.65405,-0.0948477,0.204564,2.62867,-0.167346,0.207974,2.65805,-0.167346,0.207974,2.65805,
-0.220802,-0.421599,2.74746,-0.228723,-0.379795,2.86016,-0.22895,-0.104389,2.59394,-0.23185,0.204099,2.59005,-0.122436,-0.517504,2.58463,-0.108998,-0.452961,2.65323,-0.114886,-0.136892,2.63518,-0.0912964,0.202865,2.60482,-0.0912964,0.202865,2.60482,
-0.163762,0.206271,2.63285,-0.232666,-0.484131,2.81055,-0.233108,-0.406178,2.82303,-0.227965,-0.113724,2.57372,-0.227144,0.203035,2.56653,-0.121116,-0.515057,2.58542,-0.108146,-0.446061,2.64941,-0.106607,-0.137699,2.62119,-0.106607,-0.137699,2.62119,
-0.0857247,0.201769,2.57745,-0.158597,0.205194,2.60747,-0.237671,-0.499512,2.72852,-0.235074,-0.427078,2.75966,-0.224804,-0.122027,2.52459,-0.221454,0.203134,2.54614,-0.125762,-0.513913,2.5919,-0.107981,-0.445928,2.64818,-0.107981,-0.445928,2.64818,
-0.0965483,-0.140867,2.61504,-0.0813449,0.20065,2.55547,-0.153492,0.204707,2.58626,-0.215064,-0.509579,2.63161,-0.241591,-0.445101,2.68841,-0.221871,-0.130174,2.50569,-0.220632,0.203098,2.52366,-0.136087,-0.515667,2.59652,-0.136087,-0.515667,2.59652,
-0.108726,-0.446716,2.64778,-0.0924914,-0.145594,2.6092,-0.0800758,0.199383,2.53135,-0.152462,0.204076,2.56295,-0.223048,-0.52602,2.55714,-0.209521,-0.459362,2.61221,-0.225909,-0.140322,2.45614,-0.218789,0.202276,2.50479,-0.218789,0.202276,2.50479,
-0.138274,-0.516605,2.59182,-0.113645,-0.451154,2.64383,-0.0904703,-0.152755,2.60183,-0.0775613,0.198024,2.51145,-0.150273,0.202987,2.54356,-0.223999,-0.546875,2.46289,-0.226076,-0.471208,2.51641,-0.222926,-0.148481,2.43507,-0.222926,-0.148481,2.43507,
-0.22203,0.197744,2.47641,-0.153198,-0.541016,2.54688,-0.127634,-0.466607,2.62639,-0.0885621,-0.165086,2.58822,-0.0802537,0.19505,2.48322,-0.153302,0.199209,2.51526,-0.231445,-0.551758,2.35547,-0.229761,-0.466455,2.43824,-0.229761,-0.466455,2.43824,
-0.221968,-0.152729,2.41207,-0.223761,0.195593,2.46645,-0.124422,-0.507116,2.5142,-0.127378,-0.466711,2.62635,-0.0897748,-0.167836,2.57392,-0.081825,0.192892,2.47352,-0.154986,0.197032,2.50543,-0.228554,-0.552106,2.26661,-0.228554,-0.552106,2.26661,
-0.221801,-0.479764,2.36786,-0.222783,-0.155694,2.39363,-0.226318,0.190806,2.43761,-0.124746,-0.508719,2.51528,-0.127666,-0.468249,2.6274,-0.0922092,-0.170747,2.55988,-0.0826493,0.187157,2.44395,-0.156734,0.191731,2.47623,-0.156734,0.191731,2.47623,
-0.224084,-0.539418,2.19842,-0.224485,-0.473747,2.30729,-0.224145,-0.156503,2.37401,-0.227487,0.184684,2.42171,-0.136144,-0.546973,2.57732,-0.132162,-0.478568,2.63042,-0.0914829,-0.176128,2.55085,-0.0852954,0.179446,2.42991,-0.0852954,0.179446,2.42991,
-0.158684,0.184734,2.46131,-0.221164,-0.526081,2.15989,-0.226364,-0.486571,2.27152,-0.228176,-0.164377,2.35724,-0.232119,0.179083,2.39533,-0.129178,-0.559463,2.56491,-0.141123,-0.497743,2.63379,-0.131345,-0.197888,2.47964,-0.131345,-0.197888,2.47964,
-0.0887662,0.172178,2.40594,-0.162806,0.178203,2.43609,-0.219996,-0.538327,2.1462,-0.225661,-0.482931,2.26358,-0.234705,-0.162074,2.3306,-0.234925,0.17441,2.3844,-0.133326,-0.551769,2.5731,-0.138342,-0.484222,2.62958,-0.138342,-0.484222,2.62958,
-0.134423,-0.198474,2.47285,-0.092998,0.166157,2.39463,-0.16637,0.172821,2.42498,-0.220612,-0.543897,2.14637,-0.226083,-0.484708,2.2607,-0.23445,-0.162114,2.32004,-0.23712,0.166005,2.36039,-0.135027,-0.553817,2.57784,-0.135027,-0.553817,2.57784,
-0.138381,-0.485044,2.62986,-0.145391,-0.201991,2.44187,-0.0964382,0.156405,2.36833,-0.169261,0.163631,2.39982,-0.219859,-0.559682,2.13659,-0.224291,-0.495618,2.24642,-0.235901,-0.195152,2.28497,-0.240416,0.159301,2.3275,-0.240416,0.159301,2.3275,
-0.134449,-0.550851,2.56797,-0.138292,-0.484895,2.62914,-0.14927,-0.204088,2.42264,-0.0996484,0.150667,2.34186,-0.172616,0.157346,2.37021,-0.21903,-0.580238,2.12285,-0.222159,-0.536031,2.21972,-0.236511,-0.197725,2.28198,-0.236511,-0.197725,2.28198,
-0.241458,0.15588,2.30487,-0.133919,-0.556887,2.56709,-0.141351,-0.490813,2.6272,-0.157858,-0.215891,2.40213,-0.100808,0.1466,2.31938,-0.173759,0.153552,2.34754,-0.222349,-0.546674,2.11413,-0.231026,-0.507619,2.22539,-0.231026,-0.507619,2.22539,
-0.24031,-0.17181,2.25957,-0.244134,0.15573,2.26767,-0.132992,-0.534275,2.56783,-0.120671,-0.455471,2.58884,-0.156846,-0.196187,2.36623,-0.103272,0.145806,2.27528,-0.176421,0.153133,2.30701,-0.22409,-0.545545,2.11341,-0.22409,-0.545545,2.11341,
-0.231298,-0.506631,2.22473,-0.240847,-0.173922,2.24761,-0.24551,0.156983,2.23685,-0.131643,-0.534996,2.56046,-0.117675,-0.459418,2.58262,-0.13084,-0.191053,2.36207,-0.103489,0.147493,2.25259,-0.177217,0.154673,2.28027,-0.177217,0.154673,2.28027,
-0.223358,-0.544644,2.1126,-0.231984,-0.505917,2.22384,-0.242004,-0.18017,2.22879,-0.2498,0.154808,2.20498,-0.125702,-0.538388,2.55827,-0.110833,-0.4667,2.5569,-0.143131,-0.193458,2.29209,-0.106913,0.146576,2.21656,-0.106913,0.146576,2.21656,
-0.181235,0.153088,2.24616,-0.225368,-0.537955,2.10837,-0.233909,-0.499155,2.21963,-0.241315,-0.185534,2.21159,-0.251805,0.148376,2.18098,-0.114319,-0.536133,2.50391,-0.106138,-0.460841,2.52152,-0.112157,-0.191165,2.25111,-0.112157,-0.191165,2.25111,
-0.108564,0.144914,2.19244,-0.183099,0.149052,2.22225,-0.223357,-0.53731,2.10748,-0.233641,-0.498712,2.21873,-0.238295,-0.192781,2.19533,-0.254517,0.144717,2.15475,-0.0937746,-0.483644,2.3667,-0.101915,-0.443584,2.4784,-0.101915,-0.443584,2.4784,
-0.112215,-0.1869,2.19642,-0.111045,0.145428,2.16731,-0.185775,0.147486,2.19648,-0.221621,-0.536058,2.10487,-0.234011,-0.49759,2.216,-0.245101,-0.18991,2.17331,-0.259967,0.140705,2.11707,-0.0861736,-0.470601,2.29015,-0.0861736,-0.470601,2.29015,
-0.0963759,-0.43069,2.40173,-0.112164,-0.160324,2.132,-0.115144,0.142267,2.13862,-0.190652,0.143857,2.16339,-0.222045,-0.536526,2.10328,-0.234172,-0.498124,2.21447,-0.250119,-0.191658,2.15896,-0.261532,0.138829,2.10014,-0.261532,0.138829,2.10014,
-0.0789763,-0.473782,2.23456,-0.0888326,-0.434114,2.34617,-0.112772,-0.156245,2.08414,-0.117958,0.141642,2.11281,-0.192889,0.142512,2.14209,-0.225178,-0.57333,2.16171,-0.233246,-0.500133,2.21284,-0.2546,-0.193682,2.1503,-0.2546,-0.193682,2.1503,
-0.263892,0.136012,2.0717,-0.0889893,-0.543945,2.29492,-0.0862658,-0.473338,2.3109,-0.112872,-0.173693,2.07213,-0.119684,0.141544,2.09355,-0.195029,0.141228,2.1182,-0.217385,-0.543744,2.09848,-0.230872,-0.505435,2.20946,-0.230872,-0.505435,2.20946,
-0.2578,-0.199577,2.1416,-0.266785,0.133997,2.05131,-0.100515,-0.570716,2.19354,-0.0957477,-0.502226,2.23696,-0.116522,-0.191527,2.03372,-0.123111,0.139854,2.06763,-0.198301,0.139282,2.09489,-0.216349,-0.548723,2.0946,-0.216349,-0.548723,2.0946,
-0.228298,-0.510671,2.20584,-0.262422,-0.202759,2.12937,-0.26804,0.132131,2.02251,-0.0982568,-0.583364,2.10232,-0.101067,-0.517366,2.15677,-0.117938,-0.200047,1.98997,-0.12355,0.137674,2.04359,-0.199184,0.13724,2.06849,-0.199184,0.13724,2.06849,
-0.214488,-0.59939,2.15803,-0.213536,-0.531943,2.20556,-0.263209,-0.229277,2.12088,-0.269458,0.12917,2.00505,-0.0900879,-0.594238,2.00781,-0.0975981,-0.525156,2.0629,-0.117446,-0.214011,1.96148,-0.12502,0.133734,2.02239,-0.12502,0.133734,2.02239,
-0.2007,0.133769,2.04915,-0.197586,-0.581988,2.07627,-0.209867,-0.544292,2.18721,-0.264025,-0.233244,2.11319,-0.268668,0.119658,1.98367,-0.0936279,-0.606934,1.9082,-0.101574,-0.529477,1.97685,-0.118661,-0.213207,1.92186,-0.118661,-0.213207,1.92186,
-0.124062,0.128023,1.99977,-0.199854,0.126061,2.02718,-0.229467,-0.590224,2.17885,-0.200083,-0.513317,2.16188,-0.262143,-0.240256,2.09633,-0.268436,0.112818,1.9673,-0.100911,-0.620627,1.79406,-0.111639,-0.553161,1.89655,-0.111639,-0.553161,1.89655,
-0.117731,-0.229505,1.89936,-0.124527,0.121791,1.98317,-0.200002,0.119402,2.01063,-0.225045,-0.588524,2.14901,-0.20199,-0.511286,2.15149,-0.261223,-0.236954,2.08813,-0.263451,0.106759,1.94175,-0.106856,-0.617457,1.71836,-0.106856,-0.617457,1.71836,
-0.113703,-0.551542,1.82223,-0.11898,-0.234263,1.87679,-0.119683,0.11473,1.95864,-0.195046,0.112753,1.98562,