Foot Left X, Y, Z, Ankle Left X, Y, Z, Knee Left X, Y, Z, Hip Left X, Y, Z, Foot Right X, Y, Z, Ankle Right X, Y, Z, Knee Right X, Y, Z, Hip Right X, Y, Z,Spine Base X, Y, Z,Spine Mid X, Y, Z , Neck X, Y, Z, Head X, Y, Z , ShouldL X, Y, Z, ShouldR X, Y, Z,SholdD,LSHD,RSHD,hipD 
1.56745,-1.01619,2.63128,1.59316,-1.02911,2.76062,1.46544,-0.838525,2.55711,1.51158,-0.638369,2.69506,1.54255,-1.00799,2.41644,1.66083,-1.0438,2.44398,1.52953,-0.87797,2.54295,1.61892,-0.623219,2.64497,1.57974,-0.636635,2.69474,1.58439,-0.346241,2.79194,1.58438,-0.0598229,2.87943,1.62096,0.0159055,2.86626,1.46014,-0.249585,2.80149,1.69643,-0.21626,2.71785,0.0851255,0.611561,0.676354,0.11942
1.56465,-1.02109,2.68471,1.58522,-1.03059,2.80802,1.44655,-0.841844,2.6026,1.50547,-0.647616,2.73054,1.54688,-1.00488,2.49414,1.59809,-1.0702,2.55903,1.52634,-0.850598,2.60613,1.61393,-0.639469,2.68228,1.57328,-0.649035,2.72986,1.58268,-0.36373,2.80303,1.58694,-0.0884974,2.87728,1.61297,-0.0156425,2.94167,1.47239,-0.240636,2.8231,1.68451,-0.222077,2.76167,0.100653,0.583767,0.675607,0.118992
1.54297,-1.01953,2.57813,1.5985,-1.06636,2.65392,1.46629,-0.878786,2.66203,1.53795,-0.652441,2.78284,1.54592,-1.02977,2.57026,1.58997,-1.1126,2.6376,1.52733,-0.891518,2.66369,1.64034,-0.656238,2.73484,1.60221,-0.659719,2.78152,1.60566,-0.364635,2.86143,1.60478,-0.0730287,2.93253,1.6155,-0.000736133,2.93751,1.47381,-0.24304,2.8804,1.71763,-0.252135,2.80276,0.0732531,0.602156,0.686566,0.113149
1.53418,-1.04004,2.66602,1.60725,-1.09765,2.72864,1.48083,-0.894524,2.72259,1.5429,-0.616032,2.85129,1.57784,-1.03069,2.67832,1.6763,-1.0192,2.72702,1.48535,-0.875219,2.73277,1.64934,-0.617085,2.8052,1.60985,-0.621862,2.85257,1.61335,-0.356121,2.90146,1.61015,-0.0822346,2.94408,1.63556,-0.00701823,3.01338,1.4764,-0.245539,2.91647,1.72749,-0.248593,2.8536,0.105383,0.54596,0.644758,0.115994
1.53334,-1.07046,2.74985,1.55302,-1.17296,2.80858,1.49823,-0.934791,2.79894,1.50807,-0.681148,2.86629,1.61102,-1.05771,2.79413,1.70196,-1.08083,2.87826,1.49736,-0.909183,2.78138,1.61742,-0.681643,2.81823,1.5762,-0.687262,2.86674,1.60063,-0.387316,2.92756,1.61668,-0.0947769,2.9784,1.64212,-0.0229915,3.05361,1.47803,-0.245986,2.94344,1.72823,-0.247541,2.88791,0.10704,0.606791,0.699882,0.119449
1.50828,-1.0686,2.808,1.53982,-1.16731,2.88646,1.50994,-0.923956,2.84776,1.5277,-0.711349,2.89922,1.6308,-1.074,2.85894,1.74211,-1.09983,2.92122,1.56118,-0.952409,2.84784,1.63887,-0.718985,2.85371,1.59702,-0.721575,2.90139,1.60667,-0.399514,2.97804,1.61164,-0.0813618,3.0451,1.64541,-0.000428821,3.0766,1.48803,-0.238463,2.97359,1.74122,-0.252399,2.92961,0.0931784,0.652081,0.752357,0.120361
1.51019,-1.09024,2.88738,1.50382,-1.1942,2.9554,1.51434,-0.94713,2.91993,1.53171,-0.736992,2.92792,1.68066,-1.10449,2.89063,1.66869,-1.21445,2.90205,1.73695,-0.973583,2.94295,1.64436,-0.739737,2.89362,1.60135,-0.744361,2.9346,1.6126,-0.399549,3.02423,1.61914,-0.0564746,3.10369,1.65939,0.0216983,3.12002,1.47186,-0.250377,3.01694,1.74947,-0.251483,2.97616,0.0894288,0.708268,0.794522,0.117796
1.49322,-1.11487,2.95872,1.47709,-1.20643,3.04263,1.5154,-0.966493,2.9836,1.52636,-0.763204,2.96823,1.6826,-1.11174,2.90028,1.65747,-1.2135,2.91685,1.74221,-0.976449,2.9535,1.64088,-0.76312,2.93591,1.59674,-0.769859,2.9772,1.60892,-0.410386,3.05603,1.61615,-0.0588633,3.12865,1.66012,0.0129178,3.12953,1.47599,-0.250631,3.03822,1.75172,-0.250766,3.00575,0.0841839,0.727937,0.800059,0.11899
1.49287,-1.11522,2.96861,1.52409,-1.19859,3.04129,1.49191,-0.950989,3.0245,1.52766,-0.757809,2.98268,1.68299,-1.12379,2.89892,1.68962,-1.23314,2.88904,1.69526,-0.999101,2.9899,1.6434,-0.754727,2.95781,1.59853,-0.762818,2.99455,1.61118,-0.411745,3.07634,1.61921,-0.0669167,3.15012,1.65326,0.0143576,3.20341,1.47676,-0.251308,3.07067,1.74561,-0.246516,3.03858,0.102979,0.716762,0.807409,0.118422
1.50289,-1.17265,3.02096,1.51979,-1.2085,3.11507,1.50776,-0.963069,3.07669,1.53091,-0.707694,3.03029,1.68403,-1.12699,2.90649,1.68701,-1.23353,2.89721,1.69343,-0.997912,2.99066,1.63988,-0.720297,3.01188,1.59826,-0.719788,3.04559,1.61497,-0.391623,3.12998,1.6272,-0.0673259,3.20494,1.64985,0.00966202,3.20802,1.47994,-0.255191,3.10446,1.73018,-0.22393,3.08092,0.0803118,0.670705,0.755918,0.111232
1.5025,-1.20294,3.0656,1.53579,-1.21597,3.15992,1.50572,-0.974887,3.11522,1.52681,-0.718161,3.04998,1.68571,-1.12099,2.91399,1.68715,-1.22895,2.91891,1.69089,-0.990355,2.99987,1.63692,-0.727918,3.02848,1.59458,-0.728786,3.06357,1.60662,-0.397455,3.15967,1.61229,-0.0680406,3.2509,1.6612,-0.011502,3.23354,1.48153,-0.261368,3.12611,1.72512,-0.226673,3.09462,0.0767516,0.685808,0.745581,0.112616
1.49489,-1.20525,3.12256,1.53524,-1.22942,3.2107,1.51253,-0.991305,3.15302,1.52209,-0.738797,3.08689,1.67903,-1.12115,2.93156,1.68133,-1.22337,2.92819,1.69085,-0.987149,3.01445,1.62873,-0.744648,3.06274,1.58784,-0.747549,3.09912,1.60399,-0.422686,3.17432,1.61474,-0.112083,3.24598,1.65149,-0.0331116,3.28761,1.48475,-0.272363,3.16581,1.71128,-0.239788,3.13189,0.0965404,0.653197,0.746571,0.109494
1.50974,-1.17966,3.1767,1.54002,-1.21311,3.26333,1.51072,-0.992238,3.16549,1.51523,-0.75705,3.1193,1.68215,-1.12717,2.94591,1.67782,-1.21564,2.95016,1.68866,-0.981128,3.03771,1.62128,-0.761732,3.09447,1.58048,-0.765318,3.13114,1.59761,-0.441038,3.22191,1.61157,-0.117531,3.29828,1.66241,-0.0526229,3.30199,1.48394,-0.281183,3.20039,1.74218,-0.284438,3.16833,0.0825312,0.671041,0.739993,0.109016
1.46564,-1.25645,3.26988,1.54715,-1.26109,3.28907,1.513,-1.03081,3.22175,1.51548,-0.765743,3.1322,1.67645,-1.13447,2.95027,1.68021,-1.21115,2.95285,1.68511,-0.983483,3.05348,1.61915,-0.772409,3.11985,1.57953,-0.774988,3.14946,1.59676,-0.450941,3.23517,1.61005,-0.131483,3.31292,1.64132,-0.0562977,3.36111,1.47744,-0.297999,3.22485,1.69658,-0.273546,3.19368,0.0946179,0.666252,0.755985,0.104615
1.48753,-1.23897,3.27187,1.55043,-1.26062,3.33932,1.51389,-1.04722,3.23455,1.51461,-0.786247,3.16926,1.67536,-1.12972,2.96376,1.65251,-1.225,2.98591,1.68583,-0.992611,3.06683,1.61883,-0.78161,3.14217,1.57869,-0.789551,3.1795,1.59605,-0.473168,3.2617,1.60927,-0.16085,3.33512,1.62676,-0.0853785,3.40141,1.47368,-0.307811,3.26837,1.69269,-0.27092,3.22155,0.101964,0.653905,0.742972,0.107782
1.48257,-1.2416,3.31006,1.54727,-1.25396,3.37492,1.50908,-1.04633,3.26183,1.51706,-0.796784,3.19518,1.67095,-1.13064,2.9963,1.64759,-1.22054,2.9961,1.68791,-1.00083,3.10526,1.61899,-0.798529,3.1824,1.57996,-0.8035,3.21253,1.5944,-0.491422,3.29347,1.60469,-0.182649,3.36533,1.6289,-0.0995399,3.41221,1.46326,-0.327432,3.30487,1.69899,-0.291475,3.26529,0.0984432,0.643266,0.735865,0.102743
1.5155,-1.2479,3.3529,1.54013,-1.30255,3.42284,1.53009,-1.07772,3.33949,1.50803,-0.817496,3.24172,1.66928,-1.14756,2.99749,1.66236,-1.22906,2.9675,1.6771,-1.03268,3.11923,1.61314,-0.816742,3.21075,1.57208,-0.823635,3.25037,1.5856,-0.514945,3.32641,1.59502,-0.209347,3.39395,1.62413,-0.119857,3.44534,1.4639,-0.332044,3.33141,1.70121,-0.311026,3.29064,0.107223,0.632919,0.73539,0.10958
1.4928,-1.28418,3.37011,1.54619,-1.24539,3.41518,1.50148,-1.02676,3.3288,1.50839,-0.834738,3.26776,1.64803,-1.1565,3.04815,1.64637,-1.25192,3.04347,1.67293,-1.03232,3.15402,1.61443,-0.837115,3.25007,1.5728,-0.841904,3.28211,1.57684,-0.533535,3.3617,1.57538,-0.228585,3.43368,1.61705,-0.135179,3.46539,1.45732,-0.348457,3.36266,1.69004,-0.322474,3.32805,0.107084,0.632011,0.734223,0.10753
1.51537,-1.26997,3.40402,1.53195,-1.29956,3.49406,1.53741,-1.0821,3.39412,1.49824,-0.841247,3.32032,1.66699,-1.19531,3.04297,1.62666,-1.25021,3.04673,1.67294,-1.04836,3.18364,1.60439,-0.838989,3.28821,1.56199,-0.846286,3.33027,1.57153,-0.535277,3.39417,1.57503,-0.22814,3.45181,1.60547,-0.143666,3.51436,1.44707,-0.364728,3.41136,1.6779,-0.336495,3.36591,0.10943,0.63173,0.731174,0.110915
1.51054,-1.25809,3.44275,1.53912,-1.32081,3.50285,1.52246,-1.08888,3.44303,1.49936,-0.850881,3.35272,1.63867,-1.16797,3.0918,1.64899,-1.24501,3.06632,1.66586,-1.06162,3.23316,1.60187,-0.847742,3.33492,1.56182,-0.855069,3.36587,1.56683,-0.546537,3.43101,1.56801,-0.240152,3.48523,1.60223,-0.148306,3.52635,1.43931,-0.372083,3.44649,1.65701,-0.338667,3.39799,0.10629,0.628698,0.725159,0.104092
1.51488,-1.26318,3.46498,1.53151,-1.3411,3.53145,1.52971,-1.10546,3.48346,1.50329,-0.860759,3.40151,1.62878,-1.20268,3.14783,1.57548,-1.27698,3.16852,1.66857,-1.07603,3.2793,1.60224,-0.850905,3.36545,1.56366,-0.861803,3.40836,1.55912,-0.549143,3.48038,1.55076,-0.238664,3.54008,1.58519,-0.147803,3.57248,1.42404,-0.400172,3.48954,1.65579,-0.338224,3.44342,0.102427,0.639107,0.733147,0.105775
1.50803,-1.27379,3.47112,1.52417,-1.36891,3.51217,1.52265,-1.12674,3.52772,1.50251,-0.862912,3.4398,1.64287,-1.19144,3.21281,1.63361,-1.28875,3.2345,1.66249,-1.06924,3.34272,1.6012,-0.855724,3.4204,1.56268,-0.865367,3.45534,1.55836,-0.550249,3.50265,1.55028,-0.238709,3.54931,1.57776,-0.15336,3.58811,1.4209,-0.376193,3.54041,1.66034,-0.341532,3.47491,0.097698,0.635535,0.722489,0.100835
1.50461,-1.2877,3.49806,1.52133,-1.38514,3.53878,1.52518,-1.14301,3.53884,1.5085,-0.874299,3.48612,1.65046,-1.20083,3.26947,1.65096,-1.29676,3.31382,1.67111,-1.07105,3.40923,1.61282,-0.860021,3.44581,1.57165,-0.872546,3.48806,1.54826,-0.55893,3.56996,1.51978,-0.246508,3.63602,1.56048,-0.155724,3.6486,1.42268,-0.377725,3.56009,1.65856,-0.346052,3.51573,0.100281,0.645539,0.734776,0.112747
1.50298,-1.29734,3.51429,1.51061,-1.39404,3.55946,1.53048,-1.15236,3.55438,1.50938,-0.872549,3.51205,1.65625,-1.20898,3.32031,1.74003,-1.25048,3.36987,1.60588,-1.09357,3.50337,1.61776,-0.865772,3.47514,1.57441,-0.874939,3.51833,1.54879,-0.560262,3.57041,1.52229,-0.254951,3.61918,1.55586,-0.156604,3.66432,1.41473,-0.38106,3.61477,1.65901,-0.349992,3.53611,0.113299,0.626953,0.736575,0.114694
1.50064,-1.30691,3.51951,1.50271,-1.40289,3.56574,1.52761,-1.1601,3.57318,1.51284,-0.880197,3.54739,1.70336,-1.24033,3.39877,1.80148,-1.27501,3.4215,1.62839,-1.14667,3.5405,1.62139,-0.869781,3.50532,1.57783,-0.880786,3.55008,1.54691,-0.56747,3.61844,1.51183,-0.255511,3.67146,1.54543,-0.159996,3.71189,1.41256,-0.381062,3.63005,1.66406,-0.353,3.5697,0.109028,0.636889,0.743126,0.116886
1.49712,-1.30217,3.52116,1.4904,-1.39754,3.56625,1.53482,-1.15677,3.58367,1.52501,-0.886665,3.58663,1.62983,-1.24923,3.47039,1.6084,-1.31334,3.55734,1.71297,-1.09043,3.57369,1.63132,-0.871596,3.54005,1.58898,-0.885049,3.58784,1.5482,-0.570301,3.64433,1.50605,-0.258544,3.69709,1.54575,-0.164963,3.71537,1.4067,-0.385955,3.68347,1.6653,-0.355527,3.58872,0.103284,0.638042,0.733068,0.117039
1.49465,-1.30375,3.52292,1.48556,-1.40053,3.56181,1.53426,-1.16141,3.59756,1.52429,-0.887123,3.60039,1.66581,-1.32697,3.48191,1.69854,-1.34126,3.59287,1.67547,-1.09827,3.6169,1.631,-0.872829,3.55573,1.5884,-0.885905,3.60233,1.55098,-0.570417,3.65178,1.50972,-0.258112,3.69848,1.53918,-0.156552,3.74281,1.40632,-0.386768,3.68687,1.66857,-0.358049,3.60222,0.114664,0.63678,0.745977,0.116551
1.4942,-1.27043,3.51952,1.53566,-1.33175,3.57142,1.46168,-1.10276,3.62611,1.51705,-0.89027,3.64917,1.63964,-1.26351,3.52859,1.64463,-1.32635,3.62514,1.69255,-1.08472,3.64765,1.62721,-0.878985,3.59167,1.58294,-0.890791,3.64481,1.56856,-0.584599,3.66849,1.56329,-0.290216,3.69047,1.54869,-0.189472,3.74797,1.40277,-0.402977,3.73679,1.66438,-0.359712,3.64729,0.116914,0.603249,0.711352,0.124773
1.50929,-1.28298,3.53817,1.51994,-1.38321,3.54789,1.49948,-1.1517,3.63934,1.52357,-0.890157,3.65945,1.59628,-1.33006,3.52709,1.60115,-1.28813,3.6276,1.73546,-1.08835,3.70139,1.63868,-0.877485,3.61316,1.59182,-0.889991,3.66053,1.55341,-0.579782,3.72138,1.5059,-0.272542,3.76227,1.54487,-0.177223,3.76843,1.4114,-0.390693,3.75402,1.66258,-0.361019,3.66322,0.103163,0.626364,0.723377,0.124713
1.52271,-1.27247,3.53483,1.52,-1.34327,3.58711,1.46837,-1.10711,3.65105,1.52818,-0.895712,3.68316,1.58984,-1.31641,3.56055,1.58924,-1.30846,3.66065,1.73423,-1.11989,3.74965,1.6389,-0.884115,3.63561,1.59433,-0.896114,3.68446,1.55743,-0.595812,3.72403,1.52188,-0.318992,3.74692,1.54346,-0.210761,3.79075,1.39979,-0.399764,3.8038,1.67495,-0.380515,3.69244,0.118749,0.580269,0.697556,0.121052
1.52974,-1.30848,3.56557,1.51473,-1.39532,3.57752,1.51625,-1.1596,3.66501,1.53256,-0.899302,3.70423,1.63131,-1.3076,3.63476,1.65869,-1.30411,3.75091,1.78356,-1.08727,3.77787,1.64679,-0.885383,3.66111,1.60037,-0.8985,3.70757,1.57168,-0.603047,3.73907,1.54273,-0.31688,3.76066,1.54653,-0.221205,3.84851,1.40389,-0.410715,3.82588,1.6617,-0.376322,3.72991,0.129942,0.585238,0.697354,0.122886
1.52797,-1.30659,3.56855,1.50981,-1.39651,3.57974,1.51594,-1.16038,3.66594,1.53009,-0.901011,3.71654,1.59699,-1.30475,3.68013,1.66118,-1.32731,3.78136,1.76427,-1.09924,3.79888,1.64729,-0.884828,3.66634,1.5997,-0.8988,3.71595,1.56919,-0.605268,3.74399,1.53674,-0.318722,3.76393,1.54513,-0.221927,3.85037,1.4037,-0.410829,3.82616,1.66293,-0.378593,3.73319,0.130048,0.584251,0.695514,0.128516
1.51129,-1.303,3.55998,1.51157,-1.40165,3.57048,1.51264,-1.17309,3.67678,1.53588,-0.909702,3.73565,1.61022,-1.31979,3.7425,1.66841,-1.33202,3.84968,1.76115,-1.10303,3.81817,1.65371,-0.885751,3.68028,1.60573,-0.90341,3.73268,1.57405,-0.608202,3.79225,1.53535,-0.312254,3.83295,1.54561,-0.218009,3.87916,1.40542,-0.477102,3.88388,1.6593,-0.38746,3.77344,0.105463,0.605319,0.705065,0.132372
1.51238,-1.28982,3.5527,1.50456,-1.36063,3.60767,1.51954,-1.12722,3.70124,1.53844,-0.909476,3.7424,1.517,-1.25397,3.56642,1.5693,-1.26656,3.66302,1.71752,-1.12368,3.81518,1.66611,-0.88309,3.69536,1.61229,-0.902366,3.74331,1.57281,-0.595922,3.82502,1.52328,-0.288021,3.89952,1.56327,-0.21259,3.92485,1.41719,-0.427524,3.90541,1.66354,-0.392583,3.79415,0.089056,0.641188,0.716112,0.138599
1.51395,-1.31003,3.58103,1.49923,-1.38306,3.57472,1.52102,-1.17229,3.71389,1.54508,-0.907141,3.76798,1.53395,-1.29595,3.61441,1.59415,-1.27456,3.7164,1.74987,-1.11047,3.83427,1.67131,-0.884037,3.71796,1.61885,-0.90164,3.76834,1.59121,-0.603367,3.82488,1.5796,-0.316414,3.86212,1.55404,-0.226828,3.94621,1.41858,-0.436889,3.93168,1.67644,-0.421822,3.83609,0.125496,0.599177,0.70553,0.137735
1.50785,-1.29992,3.58706,1.51712,-1.38032,3.62237,1.54479,-1.14884,3.7184,1.53915,-0.940216,3.81059,1.54471,-1.22892,3.63675,1.59751,-1.23984,3.73431,1.77536,-1.12351,3.87763,1.66163,-0.924308,3.76549,1.611,-0.938438,3.81314,1.58256,-0.645605,3.86292,1.55085,-0.354765,3.90328,1.56314,-0.252012,3.97211,1.42687,-0.489098,3.9542,1.6813,-0.433802,3.85071,0.124288,0.592857,0.710192,0.131486
1.51074,-1.29102,3.63672,1.50926,-1.38631,3.65589,1.53087,-1.1498,3.73894,1.54185,-0.93987,3.82909,1.546,-1.28685,3.66511,1.61581,-1.28118,3.7655,1.7746,-1.12154,3.88567,1.66821,-0.93008,3.79557,1.61545,-0.940785,3.83705,1.59884,-0.625372,3.89806,1.57936,-0.308222,3.94445,1.55885,-0.240205,4.01024,1.43817,-0.455754,3.98435,1.69044,-0.450931,3.8902,0.0968265,0.643189,0.730733,0.131094
1.51648,-1.29265,3.63824,1.512,-1.37197,3.65364,1.54044,-1.14566,3.76219,1.54102,-0.945551,3.87927,1.55895,-1.29341,3.69952,1.62854,-1.28703,3.79997,1.77915,-1.13028,3.93423,1.6661,-0.936607,3.839,1.61401,-0.947342,3.885,1.59969,-0.646325,3.93247,1.58218,-0.352116,3.97766,1.58004,-0.273985,4.02457,1.4471,-0.455403,4.00959,1.71135,-0.467583,3.92589,0.0911597,0.602943,0.693479,0.131708
1.51352,-1.35455,3.5912,1.51698,-1.33237,3.68066,1.60665,-1.1424,3.80991,1.54351,-0.947989,3.90755,1.56778,-1.29333,3.71737,1.63489,-1.28921,3.82068,1.78584,-1.12803,3.94883,1.66823,-0.942473,3.87352,1.61628,-0.951254,3.91537,1.6,-0.649902,3.94629,1.5819,-0.352625,3.97849,1.59145,-0.268654,4.06385,1.45032,-0.456887,4.01899,1.71226,-0.467243,3.93161,0.120119,0.600804,0.70438,0.129395
1.51798,-1.31044,3.67821,1.498,-1.38496,3.69191,1.52366,-1.16712,3.84707,1.54126,-0.957653,3.93815,1.56426,-1.23384,3.71091,1.60881,-1.24617,3.81319,1.83606,-1.10065,3.9911,1.65927,-0.966406,3.91749,1.61084,-0.967803,3.95322,1.58492,-0.680692,4.00432,1.55631,-0.393765,4.04226,1.59954,-0.290575,4.10426,1.4709,-0.465324,4.06961,1.72712,-0.474663,3.99447,0.127908,0.573615,0.703704,0.120124
1.52198,-1.27277,3.76028,1.5283,-1.35336,3.77407,1.45004,-1.13289,3.90701,1.56776,-0.947343,3.98271,1.63184,-1.32382,3.89257,1.70591,-1.32563,3.99137,1.81827,-1.10211,4.01321,1.6688,-0.947535,3.93797,1.62768,-0.952733,3.98437,1.62353,-0.649432,4.02798,1.61343,-0.350317,4.05776,1.61807,-0.274064,4.13807,1.47396,-0.466086,4.08942,1.7093,-0.440139,4.03174,0.110846,0.603456,0.704398,0.110503
1.53248,-1.29045,3.8512,1.58635,-1.38634,3.88898,1.50125,-1.15916,3.95048,1.56604,-0.951773,4.02191,1.625,-1.2966,3.93009,1.70757,-1.33037,4.0163,1.82133,-1.10709,4.04356,1.6748,-0.95671,3.99615,1.63058,-0.96058,4.03699,1.61569,-0.65452,4.08737,1.59745,-0.350522,4.12831,1.63384,-0.274517,4.15358,1.49054,-0.463232,4.11779,1.72409,-0.462013,4.06129,0.0879754,0.611402,0.70132,0.11188
1.47771,-1.32463,3.92897,1.42039,-1.40416,3.97376,1.58333,-1.21113,3.98195,1.5758,-0.955277,4.0457,1.62495,-1.33856,3.97351,1.70862,-1.38583,4.05131,1.81223,-1.15762,4.08317,1.68639,-0.963962,4.02452,1.6407,-0.965363,4.0597,1.61519,-0.665287,4.13672,1.58247,-0.365281,4.19494,1.65076,-0.28612,4.20356,1.49269,-0.466093,4.14677,1.7471,-0.472465,4.09797,0.104899,0.608614,0.701993,0.112927
1.42845,-1.23316,4.04584,1.37013,-1.19372,4.1278,1.60773,-1.22967,4.04837,1.57831,-0.960558,4.07593,1.61054,-1.32723,4.00541,1.70679,-1.37464,4.0597,1.82021,-1.15202,4.10036,1.68658,-0.970887,4.05595,1.6426,-0.971863,4.09203,1.62043,-0.667314,4.14049,1.60156,-0.36841,4.18866,1.66018,-0.286533,4.22729,1.50049,-0.4668,4.18004,1.75943,-0.468667,4.13418,0.107853,0.603233,0.70597,0.110587
1.53541,-1.30942,4.01096,1.53828,-1.41585,4.04791,1.50329,-1.17146,4.09659,1.58035,-0.965791,4.09837,1.72259,-1.4291,4.02751,1.69458,-1.37772,4.07017,1.82068,-1.162,4.11615,1.68722,-0.973475,4.07681,1.64394,-0.975625,4.11295,1.64453,-0.658714,4.17787,1.64348,-0.341077,4.2261,1.67851,-0.265137,4.24687,1.50891,-0.467416,4.19243,1.75991,-0.48248,4.15405,0.0861691,0.640756,0.728518,0.109291
1.52365,-1.33265,4.06,1.5316,-1.42953,4.12837,1.52413,-1.17885,4.12705,1.57864,-0.968321,4.1249,1.72318,-1.41808,4.03998,1.66271,-1.4101,4.05497,1.80521,-1.21266,4.13407,1.68464,-0.974207,4.10369,1.64178,-0.977311,4.14003,1.64415,-0.669191,4.19643,1.64343,-0.368747,4.24936,1.68622,-0.292677,4.28065,1.51742,-0.469891,4.21667,1.78217,-0.488902,4.19995,0.092722,0.615773,0.704132,0.108266
1.51465,-1.35938,4.07422,1.54928,-1.43304,4.16533,1.53038,-1.18232,4.16647,1.57158,-0.971812,4.14371,1.62635,-1.46845,3.87447,1.64734,-1.47345,3.98395,1.72163,-1.26718,4.11856,1.68101,-0.976853,4.11765,1.63654,-0.980372,4.15628,1.64769,-0.6674,4.22058,1.65944,-0.355115,4.27988,1.69857,-0.27897,4.32696,1.5268,-0.467238,4.24025,1.78646,-0.49014,4.22253,0.0977008,0.637636,0.728809,0.112601
1.51522,-1.39021,4.12896,1.56395,-1.4436,4.19591,1.53574,-1.19428,4.19915,1.56637,-0.986177,4.16741,1.70498,-1.44314,4.05712,1.77721,-1.50836,4.0411,1.71121,-1.28066,4.13059,1.67545,-0.987765,4.15168,1.63096,-0.993182,4.18492,1.63637,-0.687383,4.24559,1.63672,-0.386448,4.29893,1.70136,-0.299977,4.37579,1.53698,-0.46813,4.25922,1.73339,-0.47917,4.22162,0.132529,0.617997,0.723842,0.110223
1.52051,-1.42689,4.16616,1.56415,-1.45561,4.25253,1.54676,-1.20685,4.23827,1.56162,-0.991117,4.19295,1.70501,-1.43771,4.05632,1.74938,-1.52695,4.07305,1.71221,-1.28533,4.13442,1.67188,-0.992653,4.17002,1.62667,-0.998075,4.20706,1.64179,-0.690954,4.28401,1.65682,-0.384497,4.35114,1.70191,-0.300652,4.377,1.54619,-0.478788,4.28453,1.73576,-0.480383,4.24125,0.0986472,0.634094,0.722916,0.112629
1.5356,-1.3877,4.23082,1.5616,-1.4637,4.27882,1.5551,-1.21544,4.25823,1.56043,-0.993483,4.20153,1.70267,-1.44034,4.06116,1.72468,-1.53886,4.10752,1.7138,-1.29032,4.1396,1.67267,-0.997872,4.19103,1.62618,-1.00166,4.22115,1.64447,-0.691768,4.30043,1.66114,-0.382969,4.3711,1.70569,-0.308842,4.41319,1.55428,-0.485539,4.30629,1.75078,-0.489668,4.29568,0.0961835,0.64158,0.724715,0.112813
1.54004,-1.39063,4.28906,1.5611,-1.47164,4.33005,1.55718,-1.22863,4.28255,1.55733,-1.0106,4.23825,1.70542,-1.44038,4.07026,1.73157,-1.52864,4.06096,1.71212,-1.29697,4.15954,1.66978,-1.00466,4.21552,1.6232,-1.01343,4.25243,1.65017,-0.705824,4.31904,1.67406,-0.40221,4.38171,1.71033,-0.326468,4.43045,1.56001,-0.488717,4.32881,1.75073,-0.491811,4.30085,0.0970976,0.635883,0.712593,0.114871
1.55112,-1.54896,4.31,1.57212,-1.4878,4.38383,1.553,-1.24914,4.32468,1.56421,-1.02601,4.27248,1.70299,-1.41152,4.10338,1.71051,-1.47707,4.08133,1.72425,-1.25382,4.20039,1.67525,-1.01267,4.22665,1.62959,-1.02509,4.27345,1.64358,-0.719795,4.35905,1.65053,-0.413866,4.43297,1.71711,-0.339529,4.45014,1.54675,-0.511808,4.3782,1.75061,-0.490707,4.32926,0.101254,0.638692,0.710507,0.120864
1.54895,-1.40305,4.35037,1.57696,-1.47787,4.39736,1.53554,-1.24348,4.33434,1.56262,-1.04388,4.27594,1.7069,-1.40835,4.09022,1.70545,-1.48897,4.11285,1.72513,-1.25403,4.20314,1.68011,-1.04637,4.27048,1.63034,-1.05174,4.29526,1.63766,-0.735517,4.37042,1.64175,-0.424961,4.43951,1.70754,-0.361766,4.46572,1.49347,-0.52902,4.42525,1.75641,-0.558053,4.3541,0.094911,0.645042,0.712432,0.117645
1.55837,-1.4252,4.38483,1.58227,-1.4926,4.44847,1.55468,-1.25949,4.37672,1.56405,-1.05044,4.305,1.72134,-1.40675,4.09731,1.68938,-1.47318,4.13454,1.74515,-1.24592,4.22952,1.67805,-1.0434,4.28501,1.63009,-1.05253,4.32052,1.64262,-0.739048,4.40233,1.65238,-0.428262,4.47368,1.72732,-0.383498,4.48383,1.54857,-0.527027,4.41718,1.75295,-0.54443,4.36302,0.0878807,0.650662,0.690965,0.115951
1.5534,-1.44227,4.4047,1.59029,-1.50791,4.46297,1.56459,-1.26942,4.40981,1.5629,-1.06993,4.32723,1.70623,-1.42663,4.11819,1.69596,-1.49779,4.11147,1.72502,-1.28614,4.24712,1.68167,-1.07384,4.3272,1.63149,-1.07855,4.35276,1.64566,-0.758161,4.42557,1.65613,-0.441236,4.49039,1.72565,-0.392814,4.49652,1.55428,-0.529604,4.43316,1.76256,-0.586044,4.40862,0.0849365,0.656178,0.703135,0.11884
1.56583,-1.45984,4.42715,1.56322,-1.54775,4.50493,1.59086,-1.3085,4.45085,1.56549,-1.10604,4.3702,1.66177,-1.47913,4.15593,1.58996,-1.54244,4.17697,1.72501,-1.33927,4.24316,1.68784,-1.09073,4.34327,1.63688,-1.10534,4.38217,1.65729,-0.797309,4.43444,1.67593,-0.49563,4.47571,1.70185,-0.417964,4.51776,1.50609,-0.595935,4.46804,1.75703,-0.601794,4.41447,0.0920481,0.629223,0.695168,0.126212
1.56627,-1.47334,4.45293,1.5763,-1.5561,4.51775,1.59189,-1.31596,4.46361,1.56571,-1.10757,4.38077,1.69639,-1.42841,4.17389,1.66883,-1.52538,4.17875,1.72402,-1.30809,4.29661,1.68274,-1.10728,4.39152,1.63459,-1.11225,4.40835,1.66046,-0.784456,4.46923,1.68466,-0.451969,4.52265,1.69917,-0.479864,4.48245,1.50206,-0.558469,4.51109,1.77174,-0.669204,4.46333,0.0510388,0.681238,0.634178,0.117527
1.57411,-1.48641,4.48933,1.58679,-1.58773,4.5444,1.59951,-1.34477,4.4995,1.56152,-1.16182,4.42112,1.69802,-1.46766,4.19542,1.67939,-1.56439,4.18671,1.72596,-1.34436,4.30386,1.69077,-1.14106,4.3946,1.63636,-1.16158,4.4336,1.6608,-0.857305,4.47687,1.68173,-0.554497,4.5109,1.63269,-0.565916,4.49692,1.47253,-0.688492,4.50327,1.76833,-0.678265,4.47689,0.0522597,0.625585,0.58706,0.133566
1.5214,-1.54188,4.57454,1.53483,-1.6418,4.63329,1.54667,-1.39775,4.59241,1.51569,-1.2335,4.48459,1.68848,-1.50684,4.12109,1.70807,-1.59175,4.20003,1.74895,-1.3702,4.31677,1.63226,-1.24937,4.47799,1.58295,-1.24851,4.50683,1.60946,-0.996865,4.50753,1.63248,-0.745754,4.49917,1.66542,-0.64167,4.54775,1.47331,-0.717747,4.52295,1.71657,-0.876012,4.4751,0.119496,0.501743,0.61259,0.117835
1.55307,-1.61621,4.60744,1.57008,-1.71254,4.67475,1.58197,-1.46826,4.63377,1.54461,-1.32261,4.50771,1.72756,-1.55564,4.21812,1.74574,-1.66039,4.22252,1.78671,-1.43864,4.33938,1.68715,-1.32337,4.51903,1.62497,-1.33043,4.53876,1.64472,-1.06543,4.5332,1.66095,-0.800902,4.51857,1.65839,-0.696891,4.56778,1.51377,-0.91151,4.51077,1.74015,-0.941968,4.47103,0.115095,0.534635,0.629029,0.142986
1.56808,-1.76775,4.5956,1.58388,-1.86495,4.66269,1.59577,-1.62096,4.62162,1.57112,-1.46005,4.50915,1.73145,-1.7168,4.10547,1.74868,-1.77755,4.21103,1.78963,-1.556,4.32783,1.71864,-1.45674,4.53421,1.65401,-1.46649,4.54677,1.66611,-1.19817,4.52528,1.67469,-0.93,4.49475,1.61013,-0.910049,4.55907,1.5275,-1.04049,4.48697,1.73711,-1.03006,4.4708,0.0932828,0.540265,0.557913,0.149676
1.56992,-1.83864,4.56866,1.58457,-1.93717,4.63265,1.59646,-1.69331,4.59152,1.56879,-1.54033,4.47081,1.75147,-1.78641,4.15212,1.76687,-1.89353,4.18568,1.80784,-1.6722,4.30241,1.70878,-1.53857,4.46394,1.64791,-1.54801,4.49224,1.66548,-1.28854,4.49199,1.67955,-1.02902,4.48273,1.62442,-0.993211,4.54678,1.53236,-1.13942,4.47496,1.74196,-1.12898,4.45879,0.0917813,0.523303,0.558025,0.140168
1.50567,-1.83103,4.59049,1.52211,-1.93423,4.64098,1.53389,-1.69038,4.59989,1.46857,-1.50569,4.5449,1.72661,-1.80596,4.21438,1.69217,-1.90306,4.23112,1.733,-1.68174,4.34791,1.68943,-1.4954,4.47197,1.58752,-1.5083,4.53362,1.60315,-1.27419,4.53035,1.61544,-1.03984,4.51811,1.55975,-1.0041,4.58235,1.46831,-1.15022,4.5103,1.67792,-1.13979,4.49416,0.0922255,0.489187,0.519979,0.232815
0.150222,-0.162812,0.37631,0.126198,-0.136411,0.315959,0,0,0,0,0,0,0.0980095,-0.393114,0.224491,0.0671511,-0.389838,0.147852,0.112398,-0.158672,0.276356,0,0,0,0,0,0,0,0,0,0,0,0,0.0678054,-0.0576174,0.17415,0,0,0,0,0,0,0.195564,0,0.195564,0
0.130419,-0.385279,0.377851,0.101702,-0.373701,0.309605,0.118042,-0.116844,0.294273,0,0,0,0.441683,-0.701195,1.08598,0.413349,-0.701176,1.0184,0.454792,-0.476607,1.13692,0.358871,-0.37033,0.907128,0.200566,-0.206971,0.506977,0.193561,-0.199742,0.489271,0,0,0,0.0594951,-0.0851461,0.165698,0,0,0,0,0,0,0.195564,0,0.848926,1.04346
0.400489,-0.849797,1.2077,0.378173,-0.823106,1.14628,0.390792,-0.578117,1.10608,0.310521,-0.456203,0.878081,0.0829028,-0.379317,0.236815,0.0552569,-0.379537,0.158384,0.0998458,-0.147485,0.287138,0,0,0,0.174694,-0.253254,0.491662,0.168563,-0.244365,0.474406,0,0,0,0,0,0,0,0,0,0,0,0,0,1.0371,0,1.0371
0.111626,-0.42726,0.383308,0.0865065,-0.405113,0.318117,0.101743,-0.15497,0.282326,0,0,0,0.360614,-0.825993,1.03277,0.335299,-0.818208,0.96464,0.376397,-0.594877,1.08334,0.295642,-0.462486,0.861564,0.172416,-0.254703,0.489387,0.166344,-0.245733,0.472152,0,0,0,0,0,0,0,0,0,0,0,0,0,0,1.02156,1.02156
0.105426,-0.435465,0.380917,0.0815512,-0.411462,0.31611,0.0965086,-0.161845,0.280299,0,0,0,0.440257,-0.854219,1.05344,0.411853,-0.844776,0.987121,0.453341,-0.621632,1.10553,0.360485,-0.489426,0.888436,0.189988,-0.265796,0.492787,0.183447,-0.256645,0.475821,0,0,0,0,0,0,0,0,0,0,0,0,0,0,1.07648,1.07648
0.137947,-0.204447,0.359964,0.11594,-0.171461,0.30237,0,0,0,0,0,0,0.140519,-0.1898,0.365754,0.11594,-0.171461,0.30237,0,0,0,0,0,0,0,0,0,0,0,0,0,0,0,0,0,0,0,0,0,0,0,0,0,0,0,0
0.125301,-0.212086,0.360168,0.105317,-0.177885,0.302545,0,0,0,0,0,0,0.324188,-0.478178,0.918949,0.301145,-0.46295,0.854019,0.204517,-0.310129,0.577645,0.303559,-0.460316,0.857382,0.170065,-0.257887,0.480339,0.164004,-0.248695,0.463218,0,0,0,0,0,0,0,0,0,0,0,0,0,0,1.01938,1.01938
0.0300906,-0.0351464,0.0853287,0,0,0,0,0,0,0,0,0,0.131844,-0.186022,0.370891,0.108754,-0.168328,0.306768,0,0,0,0,0,0,0,0,0,0,0,0,0,0,0,0,0,0,0,0,0,0,0,0,0,0,0,0
0.0292745,-0.0393943,0.0837425,0,0,0,0,0,0,0,0,0,0.0284451,-0.0451585,0.0810759,0,0,0,0,0,0,0,0,0,0,0,0,0,0,0,0,0,0,0,0,0,0,0,0,0,0,0,0,0,0,0
0.122518,-0.211102,0.361701,0.102981,-0.177057,0.303833,0,0,0,0,0,0,0.125028,-0.19681,0.367704,0.102981,-0.177057,0.303833,0,0,0,0,0,0,0,0,0,0,0,0,0,0,0,0,0,0,0,0,0,0,0,0,0,0,0,0
0.119681,-0.212987,0.361545,0.100599,-0.178638,0.303705,0,0,0,0,0,0,0.0268835,-0.0458015,0.0812478,0,0,0,0,0,0,0,0,0,0,0,0,0,0,0,0,0,0,0,0,0,0,0,0,0,0,0,0,0,0,0
0.12857,-0.207315,0.361791,0.108068,-0.173863,0.30391,0,0,0,0,0,0,0.0174608,-0.0276141,0.0495737,-0.0187449,0.031519,-0.0534752,0.0976395,-0.164178,0.278545,0,0,0,0,0,0,0,0,0,0,0,0,0,0,0,0,0,0,0,0,0,0,0,0,0
0.125063,-0.20603,0.363749,0.105118,-0.172792,0.305551,0,0,0,0,0,0,0.02678,-0.0470328,0.0805758,0,0,0,0,0,0,0,0,0,0,0,0,0,0,0,0,0,0,0,0,0,0,0,0,0,0,0,0,0,0,0
0.122968,-0.20796,0.363364,0.103358,-0.174416,0.305229,0,0,0,0,0,0,0.131592,-0.172379,0.377492,0.108682,-0.157152,0.312666,0,0,0,0,0,0,0,0,0,0,0,0,0,0,0,0,0,0,0,0,0,0,0,0,0,0,0,0
0.0271208,-0.0455529,0.0813087,0,0,0,0,0,0,0,0,0,0.0271375,-0.045581,0.0812873,0,0,0,0,0,0,0,0,0,0,0,0,0,0,0,0,0,0,0,0,0,0,0,0,0,0,0,0,0,0,0
0.027367,-0.0454675,0.081274,0,0,0,0,0,0,0,0,0,0.0273488,-0.0454997,0.0812621,0,0,0,0,0,0,0,0,0,0,0,0,0,0,0,0,0,0,0,0,0,0,0,0,0,0,0,0,0,0,0
-0.220078,-1.40484,4.27252,-0.354312,-1.413,4.31849,-0.0243784,-1.37202,4.32996,-0.0177615,-0.989727,4.31819,0.18103,-1.43359,4,0.185267,-1.51915,3.96008,0.150575,-1.2514,4.16142,0.124056,-0.995973,4.32204,0.0535854,-1.00101,4.35564,0.0508203,-0.712795,4.43051,0.0479609,-0.426979,4.49243,0.0613985,-0.292159,4.51232,-0.113352,-0.531242,4.43575,0.199275,-0.545072,4.43569,0.136939,0.59276,0.731768,0.142007
-0.0252055,-1.50366,4.29777,-0.0609394,-1.63845,4.36824,-0.0596161,-1.31661,4.30825,-0.0179824,-1.01034,4.30701,0.175092,-1.43531,3.98397,0.189482,-1.55311,3.94237,0.154762,-1.28509,4.14463,0.123916,-1.00319,4.31713,0.0534042,-1.01423,4.34824,0.0535437,-0.718045,4.42386,0.0538515,-0.42705,4.484,0.0620374,-0.291503,4.50967,-0.113679,-0.536728,4.4274,0.20073,-0.537542,4.43126,0.138199,0.613773,0.739858,0.142439
-0.0342435,-1.5176,4.29922,-0.0743988,-1.65302,4.36814,-0.0387355,-1.33742,4.28179,-0.0171789,-1.01499,4.29616,0.1698,-1.4502,3.92578,0.194889,-1.57967,3.92201,0.15751,-1.30601,4.12069,0.125272,-1.01292,4.29854,0.0545054,-1.02202,4.33354,0.0578129,-0.72261,4.41043,0.0605737,-0.427363,4.47307,0.0728231,-0.296956,4.49055,-0.113285,-0.545742,4.412,0.208502,-0.54547,4.4064,0.132143,0.618582,0.743122,0.142486
-0.0448316,-1.48137,4.28896,-0.0921391,-1.61078,4.36631,0.0381123,-1.33839,4.2413,-0.0140834,-1.01492,4.27153,0.17157,-1.45387,3.92277,0.200239,-1.58677,3.90392,0.157575,-1.31132,4.09652,0.129038,-1.01471,4.27581,0.0579767,-1.0233,4.3099,0.0668096,-0.723598,4.3795,0.0765605,-0.426521,4.43497,0.0837068,-0.296345,4.47734,-0.103274,-0.541764,4.39184,0.212656,-0.543046,4.38985,0.137085,0.617368,0.747477,0.143185
-0.0552603,-1.47479,4.26782,-0.113942,-1.60072,4.3432,0.0264575,-1.32206,4.23744,0.0022386,-0.993914,4.23075,0.178051,-1.49057,3.90507,0.190254,-1.61294,3.91533,0.156351,-1.31768,4.07953,0.145404,-1.0033,4.2302,0.0743485,-1.00725,4.26705,0.0768712,-0.714898,4.35624,0.0809657,-0.423106,4.42618,0.105413,-0.286728,4.44162,-0.0921342,-0.53536,4.37176,0.234237,-0.554258,4.34309,0.139409,0.608449,0.748184,0.143474
0.00445176,-1.49408,4.2216,-0.0116467,-1.63599,4.2839,-0.0240199,-1.31645,4.2095,0.00359779,-0.98673,4.21752,0.183951,-1.48933,3.91838,0.195217,-1.61608,3.92932,0.157893,-1.30888,4.06142,0.147014,-0.997748,4.22101,0.0759405,-1.00075,4.25562,0.0864118,-0.707076,4.33184,0.0990549,-0.417433,4.3931,0.111568,-0.285809,4.43159,-0.065013,-0.525186,4.33728,0.24033,-0.550921,4.33359,0.137704,0.603357,0.743274,0.143881
-0.0233526,-1.48461,4.21043,-0.0684973,-1.61567,4.28431,-0.0244956,-1.30332,4.19869,0.01015,-0.974484,4.2015,0.178282,-1.46763,3.88473,0.193106,-1.61312,3.92525,0.159568,-1.30549,4.0543,0.151207,-0.992987,4.21105,0.0813008,-0.992582,4.24269,0.094266,-0.701905,4.31752,0.107644,-0.414663,4.37887,0.131664,-0.273511,4.39937,-0.0535107,-0.50814,4.32806,0.252035,-0.545341,4.31281,0.144641,0.595286,0.743969,0.142586
-0.030273,-1.48701,4.15579,-0.088017,-1.61581,4.21661,-0.0282127,-1.30318,4.14699,0.0154154,-0.973768,4.1887,0.178589,-1.48438,3.85547,0.182567,-1.60506,3.91289,0.160151,-1.3015,4.05036,0.158635,-0.985364,4.19475,0.0876797,-0.98846,4.22808,0.106885,-0.693391,4.29598,0.127559,-0.399667,4.34923,0.146423,-0.27024,4.37598,-0.044583,-0.497099,4.30439,0.26527,-0.514475,4.29484,0.133502,0.606578,0.737832,0.143816
0.0153793,-1.48386,4.06743,0.00980947,-1.62827,4.09392,-0.030704,-1.30339,4.10665,0.0198835,-0.976803,4.17513,0.174673,-1.46683,3.86549,0.184321,-1.60611,3.90297,0.161338,-1.30081,4.03187,0.162367,-0.98775,4.183,0.0918821,-0.990997,4.21528,0.113579,-0.692583,4.28411,0.135496,-0.39631,4.33911,0.157507,-0.264583,4.36312,-0.038594,-0.490904,4.29412,0.269278,-0.511493,4.28402,0.135696,0.614189,0.745278,0.14312
0.00774547,-1.47512,4.01565,-0.00119891,-1.61873,4.03294,-0.0137555,-1.29142,4.03997,0.0205,-0.969869,4.15953,0.181816,-1.46588,3.86108,0.188885,-1.61059,3.90502,0.173521,-1.30024,4.02183,0.162679,-0.98113,4.15608,0.0924019,-0.983944,4.19439,0.121122,-0.68649,4.25873,0.150989,-0.391852,4.3084,0.182885,-0.258211,4.32746,-0.0224786,-0.481079,4.26746,0.291796,-0.529094,4.24647,0.13871,0.610976,0.74323,0.142666
0.00227801,-1.47085,3.96754,-0.0129965,-1.61065,3.96675,-0.0265667,-1.28526,4.02025,0.0173282,-0.965643,4.14746,0.169375,-1.50528,3.84723,0.192749,-1.61179,3.90085,0.177517,-1.30101,4.01802,0.160746,-0.980779,4.15122,0.0898115,-0.981996,4.18609,0.123844,-0.68534,4.2491,0.159716,-0.391508,4.29657,0.188289,-0.2591,4.32078,-0.022479,-0.481229,4.26753,0.295666,-0.531645,4.2369,0.137602,0.610032,0.741842,0.144263
0.0035593,-1.44309,3.91106,-0.00279657,-1.58243,3.90837,-0.0555305,-1.26477,3.9769,0.0276534,-0.96255,4.13084,0.192993,-1.4707,3.88086,0.188183,-1.60828,3.89853,0.178737,-1.29843,4.0143,0.170963,-0.974926,4.13136,0.10035,-0.977297,4.1672,0.139321,-0.68163,4.22224,0.177221,-0.389386,4.26468,0.206465,-0.261506,4.28673,0.00153985,-0.472349,4.22196,0.304175,-0.51151,4.21988,0.133021,0.60729,0.731004,0.143844
0.0102442,-1.43384,3.87281,0.00467859,-1.57032,3.86117,-0.0444513,-1.25379,3.93872,0.0260562,-0.959889,4.12103,0.18981,-1.61424,3.74447,0.191157,-1.60861,3.89013,0.174524,-1.29732,4.00045,0.170616,-0.975609,4.12668,0.0994151,-0.976591,4.16033,0.140888,-0.681087,4.21447,0.182101,-0.388634,4.25466,0.213265,-0.255905,4.2727,0.00185475,-0.472083,4.22064,0.306372,-0.533688,4.19622,0.137528,0.607073,0.735606,0.145522
0.0106352,-1.41836,3.8336,0.00850344,-1.55849,3.83268,-0.0279506,-1.23692,3.89276,0.0198106,-0.948185,4.09536,0.19178,-1.46865,3.88622,0.209615,-1.5988,3.86125,0.175185,-1.29767,3.99654,0.167947,-0.972379,4.11003,0.0949056,-0.96923,4.13898,0.143457,-0.675859,4.19388,0.191291,-0.384883,4.23374,0.225599,-0.256126,4.24723,0.00933029,-0.46468,4.19572,0.31634,-0.536715,4.18075,0.13393,0.604868,0.731551,0.150813
0.000876853,-1.40322,3.80097,-0.0111736,-1.53824,3.78846,-0.00929315,-1.21524,3.85365,0.0201272,-0.946595,4.0925,-0.0116904,-1.32401,3.87241,-0.131813,-1.28449,3.89037,0.187278,-1.29622,3.99073,0.165074,-0.970992,4.10312,0.0938627,-0.967504,4.13429,0.144208,-0.673679,4.18127,0.195173,-0.382856,4.21109,0.227437,-0.256389,4.23711,0.0111201,-0.463095,4.18332,0.319657,-0.533091,4.16273,0.133086,0.602085,0.729727,0.147369
0.000935558,-1.40175,3.78029,-0.0140331,-1.5355,3.76495,-0.0147514,-1.21752,3.85552,0.0208095,-0.939985,4.08112,0.00704508,-1.33965,3.90926,-0.117836,-1.38191,3.91552,0.195124,-1.29453,3.98807,0.1636,-0.969435,4.09902,0.0929487,-0.963667,4.12676,0.144708,-0.669771,4.1722,0.196236,-0.379305,4.20342,0.230357,-0.248683,4.21781,0.0156739,-0.458468,4.16659,0.322202,-0.531764,4.15732,0.135769,0.600078,0.733519,0.146891
0.0100748,-1.39092,3.7616,0.000665989,-1.53093,3.76567,-0.023296,-1.21406,3.85284,0.0285813,-0.929808,4.06211,0.155038,-1.46199,3.90565,0.143625,-1.60423,3.92376,0.173647,-1.28115,3.96999,0.175644,-0.953328,4.07147,0.103099,-0.949919,4.10264,0.151477,-0.656611,4.14134,0.198168,-0.366172,4.1657,0.231893,-0.243235,4.19644,0.0157871,-0.450025,4.15032,0.311914,-0.496935,4.11993,0.131134,0.597641,0.723198,0.149225
0.0215589,-1.38634,3.74325,-0.000273649,-1.51632,3.72262,-0.00228094,-1.20183,3.82254,0.0290505,-0.927042,4.05178,0.158741,-1.46263,3.90801,0.149131,-1.60526,3.92811,0.171699,-1.28102,3.96749,0.175032,-0.952465,4.06551,0.102917,-0.94821,4.09475,0.151215,-0.655746,4.13573,0.198008,-0.365902,4.16258,0.231848,-0.234063,4.16594,0.0149545,-0.443788,4.13532,0.321411,-0.513905,4.11491,0.136154,0.596407,0.72761,0.148814
0.0412768,-1.3869,3.7343,0.0330946,-1.51661,3.70923,0.00269663,-1.20465,3.81319,0.029937,-0.923807,4.03424,0.15016,-1.45977,3.9126,0.136236,-1.60259,3.94251,0.18297,-1.27975,3.96012,0.17469,-0.949377,4.04689,0.103224,-0.944949,4.07644,0.15194,-0.653125,4.11523,0.199333,-0.364083,4.14099,0.229704,-0.232332,4.15267,0.0164247,-0.43932,4.12008,0.322558,-0.517766,4.09119,0.13571,0.594459,0.726889,0.147537
0.0194036,-1.38334,3.70477,-0.004152,-1.52037,3.70338,0.0387589,-1.2127,3.81681,0.030097,-0.922581,4.02473,0.159264,-1.45968,3.91144,0.141062,-1.60193,3.93939,0.189162,-1.27919,3.95871,0.173268,-0.947784,4.03668,0.102609,-0.943531,4.0666,0.150245,-0.651345,4.10486,0.196505,-0.361841,4.12989,0.228328,-0.230091,4.13459,0.0148003,-0.437178,4.1087,0.322654,-0.517122,4.08439,0.13562,0.594288,0.72643,0.145862
0.0131686,-1.37542,3.67749,-0.00348778,-1.51247,3.67232,0.0514153,-1.21827,3.81549,0.0332143,-0.918932,4.00516,0.161488,-1.45381,3.91726,0.145504,-1.59637,3.95044,0.193955,-1.27373,3.96071,0.177807,-0.940667,4.01718,0.106444,-0.938151,4.04705,0.148438,-0.646825,4.08734,0.189357,-0.357806,4.11303,0.224221,-0.226308,4.12471,0.00995014,-0.438582,4.08282,0.313069,-0.487316,4.05583,0.136542,0.59235,0.723896,0.14671
0.019889,-1.37752,3.65119,0.0163982,-1.5029,3.61761,0.0463,-1.22363,3.79543,0.0304245,-0.916356,3.98593,0.164579,-1.446,3.91432,0.158525,-1.58895,3.95563,0.198588,-1.26612,3.95304,0.173867,-0.937951,3.99325,0.103076,-0.935473,4.0254,0.14177,-0.645073,4.06048,0.179058,-0.357555,4.08242,0.213507,-0.221763,4.09621,0.00417056,-0.434854,4.05972,0.313477,-0.487784,4.04911,0.14077,0.586226,0.724637,0.145244
0.0134689,-1.3743,3.65287,0.0273161,-1.50095,3.62329,0.0268687,-1.21169,3.78476,0.0318248,-0.913015,3.96547,0.168899,-1.44059,3.90689,0.169026,-1.58347,3.94899,0.18934,-1.25986,3.93845,0.176565,-0.931388,3.96882,0.105112,-0.930578,4.00293,0.139933,-0.640297,4.0478,0.174997,-0.352813,4.07587,0.209528,-0.221309,4.08685,-0.00216992,-0.433289,4.0431,0.302912,-0.47601,4.0258,0.136404,0.588654,0.720575,0.14594
0.0170668,-1.37926,3.64855,0.0246629,-1.51091,3.62747,0.0467058,-1.21316,3.76949,0.0280807,-0.911618,3.9434,0.16494,-1.4387,3.89784,0.162324,-1.58178,3.93647,0.193074,-1.25857,3.93056,0.173547,-0.930159,3.95939,0.101653,-0.929201,3.98779,0.131647,-0.635531,4.0261,0.160151,-0.343926,4.05065,0.193543,-0.216043,4.06949,-0.0132906,-0.43066,4.02769,0.296386,-0.479696,4.01128,0.133506,0.592638,0.722829,0.147513
0.0254472,-1.37734,3.62226,0.0177031,-1.51488,3.61608,0.0450722,-1.21291,3.74723,0.0301836,-0.910513,3.92057,0.169311,-1.43392,3.8964,0.169013,-1.57617,3.94554,0.187831,-1.25556,3.9068,0.174874,-0.926673,3.93001,0.103509,-0.926965,3.96076,0.126375,-0.631767,4.00477,0.148707,-0.339077,4.03327,0.180776,-0.210687,4.051,-0.0313086,-0.43057,4.00371,0.285521,-0.480402,3.99254,0.133516,0.594379,0.72616,0.145895
0.0235883,-1.39439,3.56177,0.0117273,-1.50212,3.57832,0.0250271,-1.20872,3.7311,0.030664,-0.901491,3.89389,0.16861,-1.41951,3.88942,0.168621,-1.56079,3.94431,0.187254,-1.24309,3.89028,0.174509,-0.914774,3.90278,0.103544,-0.916517,3.93408,0.119969,-0.626325,3.98595,0.137047,-0.337437,4.02105,0.170631,-0.203591,4.03736,-0.0422015,-0.425507,3.99003,0.27422,-0.465711,3.97232,0.138956,0.587915,0.723815,0.14473
-0.0489499,-1.37462,3.61536,-0.13699,-1.48474,3.64395,0.0220831,-1.20649,3.71554,0.0265889,-0.896413,3.87146,0.164847,-1.41323,3.86733,0.163239,-1.55455,3.92192,0.183269,-1.23794,3.86336,0.170861,-0.908705,3.88467,0.0996337,-0.91083,3.91373,0.111949,-0.618581,3.96806,0.124499,-0.328912,4.00813,0.157221,-0.199265,4.02691,-0.0515039,-0.424828,3.97371,0.264755,-0.455965,3.95806,0.135026,0.59188,0.723688,0.145397
-0.00811244,-1.36619,3.55617,-0.0661489,-1.49362,3.56808,0.0142412,-1.20215,3.70162,0.0212316,-0.885865,3.83991,0.167894,-1.40644,3.84439,0.17302,-1.54701,3.89767,0.177775,-1.22789,3.8478,0.166716,-0.898944,3.85985,0.0948644,-0.900641,3.88559,0.104072,-0.610431,3.94614,0.113695,-0.322734,3.9921,0.140827,-0.188318,4.00785,-0.0645688,-0.419127,3.9614,0.260423,-0.451681,3.94516,0.138029,0.590615,0.726336,0.147427
-0.0235897,-1.3649,3.58324,-0.0819462,-1.49354,3.60405,0.0343124,-1.19548,3.67912,0.0139101,-0.881837,3.82528,0.158812,-1.40031,3.80351,0.168834,-1.53954,3.86365,0.18322,-1.221,3.81116,0.156775,-0.891623,3.83662,0.0861679,-0.895071,3.8668,0.0935286,-0.602038,3.92855,0.100691,-0.311824,3.97667,0.131208,-0.180406,3.99869,-0.0749266,-0.41603,3.94388,0.250361,-0.444724,3.92761,0.1367,0.596127,0.729898,0.143648
-0.00120503,-1.37221,3.58855,-0.030796,-1.50775,3.59523,0.00937018,-1.19441,3.68781,0.00510883,-0.871864,3.80613,0.170085,-1.39302,3.76774,0.162571,-1.53281,3.81761,0.177467,-1.20999,3.79005,0.148162,-0.880526,3.81379,0.0772896,-0.884351,3.84555,0.0851591,-0.594748,3.91431,0.0929675,-0.307391,3.96816,0.119725,-0.173154,3.98946,-0.0852026,-0.412966,3.92997,0.24309,-0.434609,3.91355,0.138525,0.593803,0.729413,0.143519
0.00854104,-1.40404,3.5645,0.0114129,-1.51124,3.61227,0.0081233,-1.1907,3.68398,-0.00140326,-0.86469,3.78709,0.148475,-1.38859,3.72915,0.155181,-1.52941,3.77385,0.173176,-1.20459,3.76778,0.143592,-0.874499,3.79837,0.0717883,-0.877772,3.82842,0.0788783,-0.588487,3.89888,0.0861828,-0.302239,3.95599,0.109226,-0.163678,3.98037,-0.0927372,-0.40706,3.91826,0.236201,-0.427748,3.90375,0.142565,0.593758,0.734556,0.145763
0.0051164,-1.35671,3.57116,0.00928327,-1.49853,3.60261,0.0444802,-1.17801,3.6642,-0.0081945,-0.855565,3.76684,0.154548,-1.37734,3.72001,0.164211,-1.51827,3.76231,0.162436,-1.19425,3.7398,0.137675,-0.863314,3.77264,0.0653128,-0.867579,3.80544,0.0732201,-0.580322,3.881,0.081007,-0.295968,3.94267,0.100288,-0.159611,3.97267,-0.0993524,-0.40423,3.89535,0.235447,-0.425003,3.89759,0.140943,0.593314,0.732535,0.14619
0.0114611,-1.36337,3.59865,-0.00913377,-1.50366,3.63009,0.0122786,-1.1789,3.6637,-0.0107207,-0.850541,3.75234,0.161217,-1.37614,3.68584,0.164823,-1.51789,3.71759,0.161574,-1.1919,3.72434,0.137048,-0.860572,3.76637,0.0638745,-0.86374,3.79541,0.0692202,-0.576826,3.86916,0.073903,-0.293072,3.92919,0.0909438,-0.152383,3.95482,-0.101982,-0.398279,3.8826,0.228066,-0.417113,3.88121,0.144018,0.590938,0.734285,0.148771
0.00755668,-1.36255,3.59397,0.00392917,-1.50463,3.62776,-0.00105336,-1.17915,3.66437,-0.0129528,-0.848177,3.73953,0.176461,-1.37203,3.65618,0.184883,-1.5131,3.70249,0.167011,-1.18772,3.69862,0.134518,-0.856917,3.75356,0.0613761,-0.86064,3.78215,0.0651015,-0.572508,3.85722,0.0684184,-0.287615,3.91874,0.0867366,-0.147853,3.94776,-0.103947,-0.393602,3.8632,0.222734,-0.411754,3.86473,0.143913,0.594111,0.73673,0.148394
0.0188287,-1.35667,3.58733,0.0135729,-1.49877,3.61816,-0.0056584,-1.17456,3.66488,-0.0150966,-0.842045,3.72461,0.170022,-1.36098,3.59842,0.180112,-1.50062,3.60681,0.169898,-1.18004,3.68078,0.132045,-0.849609,3.73831,0.0590442,-0.853905,3.76708,0.0619543,-0.565786,3.84208,0.0645947,-0.281008,3.90391,0.08283,-0.144953,3.94128,-0.107075,-0.389068,3.8559,0.219939,-0.405976,3.85848,0.142268,0.594359,0.734954,0.147972
0.0168927,-1.35579,3.5692,0.0190501,-1.49766,3.61324,-0.00239533,-1.17264,3.65103,-0.0172022,-0.840111,3.71237,0.17063,-1.35667,3.56204,0.178181,-1.498,3.57885,0.168611,-1.17592,3.64546,0.12948,-0.847562,3.72868,0.0566679,-0.851909,3.75619,0.0576831,-0.563003,3.8331,0.058305,-0.27731,3.89623,0.0787394,-0.140764,3.92444,-0.109763,-0.387503,3.82813,0.213206,-0.398404,3.84587,0.140918,0.596868,0.735159,0.147774
0.0244275,-1.35344,3.57563,0.0239751,-1.49592,3.6109,-0.00261501,-1.17076,3.64453,-0.0197628,-0.837699,3.70028,0.131915,-1.34929,3.5495,0.10469,-1.48772,3.56621,0.175432,-1.17095,3.61997,0.126799,-0.845848,3.71889,0.0540164,-0.849861,3.74523,0.0538945,-0.561288,3.82086,0.053492,-0.276062,3.88321,0.0760054,-0.140267,3.9151,-0.111048,-0.38607,3.82194,0.212409,-0.397309,3.83824,0.141296,0.595202,0.734115,0.147963
0.0194315,-1.35281,3.58103,0.0286271,-1.49479,3.61571,-0.0179465,-1.17116,3.63632,-0.0187818,-0.837493,3.69278,0.189692,-1.35321,3.48799,0.142257,-1.48614,3.51915,0.176897,-1.16759,3.59793,0.126835,-0.844496,3.70748,0.0545949,-0.849144,3.73587,0.0540259,-0.559507,3.80967,0.0531538,-0.273041,3.87004,0.0740806,-0.136455,3.90652,-0.111021,-0.382767,3.81278,0.210078,-0.397204,3.82088,0.142915,0.595988,0.737375,0.146525
0.0197302,-1.35067,3.5762,0.0285901,-1.49279,3.61272,-0.0228361,-1.16981,3.63459,-0.0167202,-0.835705,3.68125,0.208562,-1.35613,3.42115,0.213292,-1.46344,3.4353,0.170786,-1.15724,3.55525,0.128064,-0.840638,3.69511,0.0562497,-0.846307,3.72382,0.0551501,-0.557128,3.79776,0.0538291,-0.271215,3.85847,0.0691642,-0.134946,3.88599,-0.108776,-0.380297,3.79311,0.209829,-0.39537,3.81284,0.139863,0.595844,0.733421,0.145529
0.0183039,-1.34821,3.57356,0.0257653,-1.49026,3.61511,-0.0388894,-1.16938,3.6296,-0.0128175,-0.83601,3.66714,0.206844,-1.35784,3.41985,0.223627,-1.46034,3.42039,0.17252,-1.15406,3.5367,0.130876,-0.839486,3.68406,0.0596009,-0.845836,3.71126,0.0558938,-0.555784,3.7858,0.0521521,-0.269039,3.84661,0.069027,-0.130879,3.87498,-0.108032,-0.378849,3.77833,0.212669,-0.39595,3.80318,0.142047,0.598238,0.736478,0.144728
0.0143994,-1.30943,3.56543,0.0307489,-1.45059,3.60543,-0.10524,-1.15354,3.64682,-0.00833484,-0.834769,3.65397,0.213001,-1.34599,3.37999,0.228301,-1.44944,3.3822,0.17455,-1.14732,3.50925,0.135212,-0.83662,3.669,0.0640698,-0.843829,3.69711,0.057463,-0.554066,3.77195,0.0509794,-0.267622,3.83312,0.0677456,-0.129184,3.85649,-0.107757,-0.377656,3.7685,0.212617,-0.393293,3.78565,0.141394,0.597721,0.734962,0.144344
